# Электробагги 2-местный: шасси (генерируется generate_3d.py из chassis_geometry.py)
# Единицы: мм. X — вправо, Y — вверх, Z — вперед
o cage
v -570.0 306.2 -530.0
v -570.0 306.2 -570.0
v -530.0 303.8 -570.0
v -530.0 303.8 -530.0
v -500.0 1431.2 -530.0
v -500.0 1431.2 -570.0
v -460.0 1428.8 -570.0
v -460.0 1428.8 -530.0
f 1 2 6 5
f 2 3 7 6
f 3 4 8 7
f 4 1 5 8
f 4 3 2 1
f 5 6 7 8
v -570.0 308.0 319.8
v -570.0 304.5 280.0
v -530.0 302.0 280.2
v -530.0 305.5 320.0
v -500.0 1433.0 219.8
v -500.0 1429.5 180.0
v -460.0 1427.0 180.2
v -460.0 1430.5 220.0
f 9 10 14 13
f 10 11 15 14
f 11 12 16 15
f 12 9 13 16
f 12 11 10 9
f 13 14 15 16
v -460.0 1410.0 -550.0
v -500.0 1410.0 -550.0
v -500.0 1450.0 -550.0
v -460.0 1450.0 -550.0
v -460.0 1410.0 200.0
v -500.0 1410.0 200.0
v -500.0 1450.0 200.0
v -460.0 1450.0 200.0
f 17 18 22 21
f 18 19 23 22
f 19 20 24 23
f 20 17 21 24
f 20 19 18 17
f 21 22 23 24
v -506.3 1421.7 -543.8
v -471.3 1421.7 -524.4
v -453.7 1438.3 -556.2
v -488.7 1438.3 -575.6
v -326.3 611.7 -868.8
v -291.3 611.7 -849.4
v -273.7 628.3 -881.2
v -308.7 628.3 -900.6
f 25 26 30 29
f 26 27 31 30
f 27 28 32 31
f 28 25 29 32
f 28 27 26 25
f 29 30 31 32
v -529.9 285.4 296.6
v -567.4 285.4 310.6
v -570.1 324.6 303.4
v -532.6 324.6 289.4
v -184.9 480.4 1221.6
v -222.4 480.4 1235.6
v -225.1 519.6 1228.4
v -187.6 519.6 1214.4
f 33 34 38 37
f 34 35 39 38
f 35 36 40 39
f 36 33 37 40
f 36 35 34 33
f 37 38 39 40
v -610.0 635.0 -550.0
v -650.0 635.0 -550.0
v -650.0 675.0 -550.0
v -610.0 675.0 -550.0
v -610.0 635.0 300.0
v -650.0 635.0 300.0
v -650.0 675.0 300.0
v -610.0 675.0 300.0
f 41 42 46 45
f 42 43 47 46
f 43 44 48 47
f 44 41 45 48
f 44 43 42 41
f 45 46 47 48
v -569.5 300.5 -530.0
v -569.5 300.5 -570.0
v -530.5 309.5 -570.0
v -530.5 309.5 -530.0
v -649.5 650.5 -530.0
v -649.5 650.5 -570.0
v -610.5 659.5 -570.0
v -610.5 659.5 -530.0
f 49 50 54 53
f 50 51 55 54
f 51 52 56 55
f 52 49 53 56
f 52 51 50 49
f 53 54 55 56
v -569.5 300.5 320.0
v -569.5 300.5 280.0
v -530.5 309.5 280.0
v -530.5 309.5 320.0
v -649.5 650.5 320.0
v -649.5 650.5 280.0
v -610.5 659.5 280.0
v -610.5 659.5 320.0
f 57 58 62 61
f 58 59 63 62
f 59 60 64 63
f 60 57 61 64
f 60 59 58 57
f 61 62 63 64
v -538.9 294.9 -565.0
v -538.9 294.9 -535.0
v -561.1 315.1 -535.0
v -561.1 315.1 -565.0
v 491.1 1419.9 -565.0
v 491.1 1419.9 -535.0
v 468.9 1440.1 -535.0
v 468.9 1440.1 -565.0
f 65 66 70 69
f 66 67 71 70
f 67 68 72 71
f 68 65 69 72
f 68 67 66 65
f 69 70 71 72
v 530.0 303.8 -530.0
v 530.0 303.8 -570.0
v 570.0 306.2 -570.0
v 570.0 306.2 -530.0
v 460.0 1428.8 -530.0
v 460.0 1428.8 -570.0
v 500.0 1431.2 -570.0
v 500.0 1431.2 -530.0
f 73 74 78 77
f 74 75 79 78
f 75 76 80 79
f 76 73 77 80
f 76 75 74 73
f 77 78 79 80
v 530.0 305.5 320.0
v 530.0 302.0 280.2
v 570.0 304.5 280.0
v 570.0 308.0 319.8
v 460.0 1430.5 220.0
v 460.0 1427.0 180.2
v 500.0 1429.5 180.0
v 500.0 1433.0 219.8
f 81 82 86 85
f 82 83 87 86
f 83 84 88 87
f 84 81 85 88
f 84 83 82 81
f 85 86 87 88
v 500.0 1410.0 -550.0
v 460.0 1410.0 -550.0
v 460.0 1450.0 -550.0
v 500.0 1450.0 -550.0
v 500.0 1410.0 200.0
v 460.0 1410.0 200.0
v 460.0 1450.0 200.0
v 500.0 1450.0 200.0
f 89 90 94 93
f 90 91 95 94
f 91 92 96 95
f 92 89 93 96
f 92 91 90 89
f 93 94 95 96
v 471.3 1421.7 -524.4
v 506.3 1421.7 -543.8
v 488.7 1438.3 -575.6
v 453.7 1438.3 -556.2
v 291.3 611.7 -849.4
v 326.3 611.7 -868.8
v 308.7 628.3 -900.6
v 273.7 628.3 -881.2
f 97 98 102 101
f 98 99 103 102
f 99 100 104 103
f 100 97 101 104
f 100 99 98 97
f 101 102 103 104
v 567.4 285.4 310.6
v 529.9 285.4 296.6
v 532.6 324.6 289.4
v 570.1 324.6 303.4
v 222.4 480.4 1235.6
v 184.9 480.4 1221.6
v 187.6 519.6 1214.4
v 225.1 519.6 1228.4
f 105 106 110 109
f 106 107 111 110
f 107 108 112 111
f 108 105 109 112
f 108 107 106 105
f 109 110 111 112
v 650.0 635.0 -550.0
v 610.0 635.0 -550.0
v 610.0 675.0 -550.0
v 650.0 675.0 -550.0
v 650.0 635.0 300.0
v 610.0 635.0 300.0
v 610.0 675.0 300.0
v 650.0 675.0 300.0
f 113 114 118 117
f 114 115 119 118
f 115 116 120 119
f 116 113 117 120
f 116 115 114 113
f 117 118 119 120
v 530.5 309.5 -530.0
v 530.5 309.5 -570.0
v 569.5 300.5 -570.0
v 569.5 300.5 -530.0
v 610.5 659.5 -530.0
v 610.5 659.5 -570.0
v 649.5 650.5 -570.0
v 649.5 650.5 -530.0
f 121 122 126 125
f 122 123 127 126
f 123 124 128 127
f 124 121 125 128
f 124 123 122 121
f 125 126 127 128
v 530.5 309.5 320.0
v 530.5 309.5 280.0
v 569.5 300.5 280.0
v 569.5 300.5 320.0
v 610.5 659.5 320.0
v 610.5 659.5 280.0
v 649.5 650.5 280.0
v 649.5 650.5 320.0
f 129 130 134 133
f 130 131 135 134
f 131 132 136 135
f 132 129 133 136
f 132 131 130 129
f 133 134 135 136
v 538.9 294.9 -535.0
v 538.9 294.9 -565.0
v 561.1 315.1 -565.0
v 561.1 315.1 -535.0
v -491.1 1419.9 -535.0
v -491.1 1419.9 -565.0
v -468.9 1440.1 -565.0
v -468.9 1440.1 -535.0
f 137 138 142 141
f 138 139 143 142
f 139 140 144 143
f 140 137 141 144
f 140 139 138 137
f 141 142 143 144
v -480.0 1410.0 180.0
v -480.0 1410.0 220.0
v -480.0 1450.0 220.0
v -480.0 1450.0 180.0
v 480.0 1410.0 180.0
v 480.0 1410.0 220.0
v 480.0 1450.0 220.0
v 480.0 1450.0 180.0
f 145 146 150 149
f 146 147 151 150
f 147 148 152 151
f 148 145 149 152
f 148 147 146 145
f 149 150 151 152
v -480.0 1410.0 -570.0
v -480.0 1410.0 -530.0
v -480.0 1450.0 -530.0
v -480.0 1450.0 -570.0
v 480.0 1410.0 -570.0
v 480.0 1410.0 -530.0
v 480.0 1450.0 -530.0
v 480.0 1450.0 -570.0
f 153 154 158 157
f 154 155 159 158
f 155 156 160 159
f 156 153 157 160
f 156 155 154 153
f 157 158 159 160
v -205.0 480.0 1205.0
v -205.0 480.0 1245.0
v -205.0 520.0 1245.0
v -205.0 520.0 1205.0
v 205.0 480.0 1205.0
v 205.0 480.0 1245.0
v 205.0 520.0 1245.0
v 205.0 520.0 1205.0
f 161 162 166 165
f 162 163 167 166
f 163 164 168 167
f 164 161 165 168
f 164 163 162 161
f 165 166 167 168
o base
v -525.0 280.0 -625.0
v -575.0 280.0 -625.0
v -575.0 330.0 -625.0
v -525.0 330.0 -625.0
v -525.0 280.0 625.0
v -575.0 280.0 625.0
v -575.0 330.0 625.0
v -525.0 330.0 625.0
f 169 170 174 173
f 170 171 175 174
f 171 172 176 175
f 172 169 173 176
f 172 171 170 169
f 173 174 175 176
v 575.0 280.0 -625.0
v 525.0 280.0 -625.0
v 525.0 330.0 -625.0
v 575.0 330.0 -625.0
v 575.0 280.0 625.0
v 525.0 280.0 625.0
v 525.0 330.0 625.0
v 575.0 330.0 625.0
f 177 178 182 181
f 178 179 183 182
f 179 180 184 183
f 180 177 181 184
f 180 179 178 177
f 181 182 183 184
v -550.0 280.0 -650.0
v -550.0 280.0 -600.0
v -550.0 330.0 -600.0
v -550.0 330.0 -650.0
v 550.0 280.0 -650.0
v 550.0 280.0 -600.0
v 550.0 330.0 -600.0
v 550.0 330.0 -650.0
f 185 186 190 189
f 186 187 191 190
f 187 188 192 191
f 188 185 189 192
f 188 187 186 185
f 189 190 191 192
v -550.0 280.0 -325.0
v -550.0 280.0 -275.0
v -550.0 330.0 -275.0
v -550.0 330.0 -325.0
v 550.0 280.0 -325.0
v 550.0 280.0 -275.0
v 550.0 330.0 -275.0
v 550.0 330.0 -325.0
f 193 194 198 197
f 194 195 199 198
f 195 196 200 199
f 196 193 197 200
f 196 195 194 193
f 197 198 199 200
v -550.0 280.0 -25.0
v -550.0 280.0 25.0
v -550.0 330.0 25.0
v -550.0 330.0 -25.0
v 550.0 280.0 -25.0
v 550.0 280.0 25.0
v 550.0 330.0 25.0
v 550.0 330.0 -25.0
f 201 202 206 205
f 202 203 207 206
f 203 204 208 207
f 204 201 205 208
f 204 203 202 201
f 205 206 207 208
v -550.0 280.0 275.0
v -550.0 280.0 325.0
v -550.0 330.0 325.0
v -550.0 330.0 275.0
v 550.0 280.0 275.0
v 550.0 280.0 325.0
v 550.0 330.0 325.0
v 550.0 330.0 275.0
f 209 210 214 213
f 210 211 215 214
f 211 212 216 215
f 212 209 213 216
f 212 211 210 209
f 213 214 215 216
v -550.0 280.0 600.0
v -550.0 280.0 650.0
v -550.0 330.0 650.0
v -550.0 330.0 600.0
v 550.0 280.0 600.0
v 550.0 280.0 650.0
v 550.0 330.0 650.0
v 550.0 330.0 600.0
f 217 218 222 221
f 218 219 223 222
f 219 220 224 223
f 220 217 221 224
f 220 219 218 217
f 221 222 223 224
v -135.0 230.0 625.0
v -185.0 230.0 625.0
v -185.0 280.0 625.0
v -135.0 280.0 625.0
v -135.0 230.0 1400.0
v -185.0 230.0 1400.0
v -185.0 280.0 1400.0
v -135.0 280.0 1400.0
f 225 226 230 229
f 226 227 231 230
f 227 228 232 231
f 228 225 229 232
f 228 227 226 225
f 229 230 231 232
v -185.0 480.0 795.0
v -225.0 480.0 795.0
v -225.0 520.0 795.0
v -185.0 520.0 795.0
v -185.0 480.0 1225.0
v -225.0 480.0 1225.0
v -225.0 520.0 1225.0
v -185.0 520.0 1225.0
f 233 234 238 237
f 234 235 239 238
f 235 236 240 239
f 236 233 237 240
f 236 235 234 233
f 237 238 239 240
v -179.5 275.6 815.0
v -179.5 275.6 775.0
v -140.5 284.4 775.0
v -140.5 284.4 815.0
v -224.5 475.6 815.0
v -224.5 475.6 775.0
v -185.5 484.4 775.0
v -185.5 484.4 815.0
f 241 242 246 245
f 242 243 247 246
f 243 244 248 247
f 244 241 245 248
f 244 243 242 241
f 245 246 247 248
v -179.5 275.6 1245.0
v -179.5 275.6 1205.0
v -140.5 284.4 1205.0
v -140.5 284.4 1245.0
v -224.5 475.6 1245.0
v -224.5 475.6 1205.0
v -185.5 484.4 1205.0
v -185.5 484.4 1245.0
f 249 250 254 253
f 250 251 255 254
f 251 252 256 255
f 252 249 253 256
f 252 251 250 249
f 253 254 255 256
v -205.7 482.2 816.9
v -188.0 482.2 781.1
v -204.3 517.8 773.1
v -222.0 517.8 808.9
v -550.7 287.2 646.9
v -533.0 287.2 611.1
v -549.3 322.8 603.1
v -567.0 322.8 638.9
f 257 258 262 261
f 258 259 263 262
f 259 260 264 263
f 260 257 261 264
f 260 259 258 257
f 261 262 263 264
v -180.0 206.0 1120.0
v -220.0 206.0 1120.0
v -220.0 254.0 1120.0
v -180.0 254.0 1120.0
v -180.0 206.0 1170.0
v -220.0 206.0 1170.0
v -220.0 254.0 1170.0
v -180.0 254.0 1170.0
f 265 266 270 269
f 266 267 271 270
f 267 268 272 271
f 268 265 269 272
f 268 267 266 265
f 269 270 271 272
v -180.0 206.0 880.0
v -220.0 206.0 880.0
v -220.0 254.0 880.0
v -180.0 254.0 880.0
v -180.0 206.0 930.0
v -220.0 206.0 930.0
v -220.0 254.0 930.0
v -180.0 254.0 930.0
f 273 274 278 277
f 274 275 279 278
f 275 276 280 279
f 276 273 277 280
f 276 275 274 273
f 277 278 279 280
v -220.0 466.0 1105.0
v -260.0 466.0 1105.0
v -260.0 514.0 1105.0
v -220.0 514.0 1105.0
v -220.0 466.0 1155.0
v -260.0 466.0 1155.0
v -260.0 514.0 1155.0
v -220.0 514.0 1155.0
f 281 282 286 285
f 282 283 287 286
f 283 284 288 287
f 284 281 285 288
f 284 283 282 281
f 285 286 287 288
v -220.0 466.0 845.0
v -260.0 466.0 845.0
v -260.0 514.0 845.0
v -220.0 514.0 845.0
v -220.0 466.0 895.0
v -260.0 466.0 895.0
v -260.0 514.0 895.0
v -220.0 514.0 895.0
f 289 290 294 293
f 290 291 295 294
f 291 292 296 295
f 292 289 293 296
f 292 291 290 289
f 293 294 295 296
v 185.0 230.0 625.0
v 135.0 230.0 625.0
v 135.0 280.0 625.0
v 185.0 280.0 625.0
v 185.0 230.0 1400.0
v 135.0 230.0 1400.0
v 135.0 280.0 1400.0
v 185.0 280.0 1400.0
f 297 298 302 301
f 298 299 303 302
f 299 300 304 303
f 300 297 301 304
f 300 299 298 297
f 301 302 303 304
v 225.0 480.0 795.0
v 185.0 480.0 795.0
v 185.0 520.0 795.0
v 225.0 520.0 795.0
v 225.0 480.0 1225.0
v 185.0 480.0 1225.0
v 185.0 520.0 1225.0
v 225.0 520.0 1225.0
f 305 306 310 309
f 306 307 311 310
f 307 308 312 311
f 308 305 309 312
f 308 307 306 305
f 309 310 311 312
v 140.5 284.4 815.0
v 140.5 284.4 775.0
v 179.5 275.6 775.0
v 179.5 275.6 815.0
v 185.5 484.4 815.0
v 185.5 484.4 775.0
v 224.5 475.6 775.0
v 224.5 475.6 815.0
f 313 314 318 317
f 314 315 319 318
f 315 316 320 319
f 316 313 317 320
f 316 315 314 313
f 317 318 319 320
v 140.5 284.4 1245.0
v 140.5 284.4 1205.0
v 179.5 275.6 1205.0
v 179.5 275.6 1245.0
v 185.5 484.4 1245.0
v 185.5 484.4 1205.0
v 224.5 475.6 1205.0
v 224.5 475.6 1245.0
f 321 322 326 325
f 322 323 327 326
f 323 324 328 327
f 324 321 325 328
f 324 323 322 321
f 325 326 327 328
v 188.0 482.2 781.1
v 205.7 482.2 816.9
v 222.0 517.8 808.9
v 204.3 517.8 773.1
v 533.0 287.2 611.1
v 550.7 287.2 646.9
v 567.0 322.8 638.9
v 549.3 322.8 603.1
f 329 330 334 333
f 330 331 335 334
f 331 332 336 335
f 332 329 333 336
f 332 331 330 329
f 333 334 335 336
v 220.0 206.0 1120.0
v 180.0 206.0 1120.0
v 180.0 254.0 1120.0
v 220.0 254.0 1120.0
v 220.0 206.0 1170.0
v 180.0 206.0 1170.0
v 180.0 254.0 1170.0
v 220.0 254.0 1170.0
f 337 338 342 341
f 338 339 343 342
f 339 340 344 343
f 340 337 341 344
f 340 339 338 337
f 341 342 343 344
v 220.0 206.0 880.0
v 180.0 206.0 880.0
v 180.0 254.0 880.0
v 220.0 254.0 880.0
v 220.0 206.0 930.0
v 180.0 206.0 930.0
v 180.0 254.0 930.0
v 220.0 254.0 930.0
f 345 346 350 349
f 346 347 351 350
f 347 348 352 351
f 348 345 349 352
f 348 347 346 345
f 349 350 351 352
v 260.0 466.0 1105.0
v 220.0 466.0 1105.0
v 220.0 514.0 1105.0
v 260.0 514.0 1105.0
v 260.0 466.0 1155.0
v 220.0 466.0 1155.0
v 220.0 514.0 1155.0
v 260.0 514.0 1155.0
f 353 354 358 357
f 354 355 359 358
f 355 356 360 359
f 356 353 357 360
f 356 355 354 353
f 357 358 359 360
v 260.0 466.0 845.0
v 220.0 466.0 845.0
v 220.0 514.0 845.0
v 260.0 514.0 845.0
v 260.0 466.0 895.0
v 220.0 466.0 895.0
v 220.0 514.0 895.0
v 260.0 514.0 895.0
f 361 362 366 365
f 362 363 367 366
f 363 364 368 367
f 364 361 365 368
f 364 363 362 361
f 365 366 367 368
v -185.0 230.0 1375.0
v -185.0 230.0 1425.0
v -185.0 280.0 1425.0
v -185.0 280.0 1375.0
v 185.0 230.0 1375.0
v 185.0 230.0 1425.0
v 185.0 280.0 1425.0
v 185.0 280.0 1375.0
f 369 370 374 373
f 370 371 375 374
f 371 372 376 375
f 372 369 373 376
f 372 371 370 369
f 373 374 375 376
v -205.0 480.0 1205.0
v -205.0 480.0 1245.0
v -205.0 520.0 1245.0
v -205.0 520.0 1205.0
v 205.0 480.0 1205.0
v 205.0 480.0 1245.0
v 205.0 520.0 1245.0
v 205.0 520.0 1205.0
f 377 378 382 381
f 378 379 383 382
f 379 380 384 383
f 380 377 381 384
f 380 379 378 377
f 381 382 383 384
v -410.4 510.8 980.0
v -410.4 510.8 1020.0
v -410.4 550.8 1020.0
v -410.4 550.8 980.0
v 410.4 510.8 980.0
v 410.4 510.8 1020.0
v 410.4 550.8 1020.0
v 410.4 550.8 980.0
f 385 386 390 389
f 386 387 391 390
f 387 388 392 391
f 388 385 389 392
f 388 387 386 385
f 389 390 391 392
v -225.0 500.0 1020.0
v -225.0 500.0 980.0
v -185.0 500.0 980.0
v -185.0 500.0 1020.0
v -225.0 530.8 1020.0
v -225.0 530.8 980.0
v -185.0 530.8 980.0
v -185.0 530.8 1020.0
f 393 394 398 397
f 394 395 399 398
f 395 396 400 399
f 396 393 397 400
f 396 395 394 393
f 397 398 399 400
v 185.0 500.0 1020.0
v 185.0 500.0 980.0
v 225.0 500.0 980.0
v 225.0 500.0 1020.0
v 185.0 530.8 1020.0
v 185.0 530.8 980.0
v 225.0 530.8 980.0
v 225.0 530.8 1020.0
f 401 402 406 405
f 402 403 407 406
f 403 404 408 407
f 404 401 405 408
f 404 403 402 401
f 405 406 407 408
v 350.0 283.5 635.0
v -350.0 283.5 635.0
v -350.0 286.5 635.0
v 350.0 286.5 635.0
v 350.0 283.5 835.0
v -350.0 283.5 835.0
v -350.0 286.5 835.0
v 350.0 286.5 835.0
f 409 410 414 413
f 410 411 415 414
f 411 412 416 415
f 412 409 413 416
f 412 411 410 409
f 413 414 415 416
v -185.0 180.0 -625.0
v -135.0 180.0 -625.0
v -135.0 230.0 -625.0
v -185.0 230.0 -625.0
v -185.0 180.0 -1325.0
v -135.0 180.0 -1325.0
v -135.0 230.0 -1325.0
v -185.0 230.0 -1325.0
f 417 418 422 421
f 418 419 423 422
f 419 420 424 423
f 420 417 421 424
f 420 419 418 417
f 421 422 423 424
v -166.2 180.8 -600.0
v -166.2 180.8 -650.0
v -153.8 229.2 -650.0
v -153.8 229.2 -600.0
v -556.2 280.8 -600.0
v -556.2 280.8 -650.0
v -543.8 329.2 -650.0
v -543.8 329.2 -600.0
f 425 426 430 429
f 426 427 431 430
f 427 428 432 431
f 428 425 429 432
f 428 427 426 425
f 429 430 431 432
v -320.0 600.0 -625.0
v -280.0 600.0 -625.0
v -280.0 640.0 -625.0
v -320.0 640.0 -625.0
v -320.0 600.0 -1325.0
v -280.0 600.0 -1325.0
v -280.0 640.0 -1325.0
v -320.0 640.0 -1325.0
f 433 434 438 437
f 434 435 439 438
f 435 436 440 439
f 436 433 437 440
f 436 435 434 433
f 437 438 439 440
v -178.7 222.9 -1305.0
v -178.7 222.9 -1345.0
v -141.3 237.1 -1345.0
v -141.3 237.1 -1305.0
v -318.7 592.9 -1305.0
v -318.7 592.9 -1345.0
v -281.3 607.1 -1345.0
v -281.3 607.1 -1305.0
f 441 442 446 445
f 442 443 447 446
f 443 444 448 447
f 444 441 445 448
f 444 443 442 441
f 445 446 447 448
v -178.7 222.9 -845.0
v -178.7 222.9 -885.0
v -141.3 237.1 -885.0
v -141.3 237.1 -845.0
v -318.7 592.9 -845.0
v -318.7 592.9 -885.0
v -281.3 607.1 -885.0
v -281.3 607.1 -845.0
f 449 450 454 453
f 450 451 455 454
f 451 452 456 455
f 452 449 453 456
f 452 451 450 449
f 453 454 455 456
v -180.0 206.0 -970.0
v -220.0 206.0 -970.0
v -220.0 254.0 -970.0
v -180.0 254.0 -970.0
v -180.0 206.0 -920.0
v -220.0 206.0 -920.0
v -220.0 254.0 -920.0
v -180.0 254.0 -920.0
f 457 458 462 461
f 458 459 463 462
f 459 460 464 463
f 460 457 461 464
f 460 459 458 457
f 461 462 463 464
v -169.6 193.5 -930.0
v -169.6 193.5 -960.0
v -150.4 216.5 -960.0
v -150.4 216.5 -930.0
v -199.6 218.5 -930.0
v -199.6 218.5 -960.0
v -180.4 241.5 -960.0
v -180.4 241.5 -930.0
f 465 466 470 469
f 466 467 471 470
f 467 468 472 471
f 468 465 469 472
f 468 467 466 465
f 469 470 471 472
v -180.0 206.0 -1250.0
v -220.0 206.0 -1250.0
v -220.0 254.0 -1250.0
v -180.0 254.0 -1250.0
v -180.0 206.0 -1200.0
v -220.0 206.0 -1200.0
v -220.0 254.0 -1200.0
v -180.0 254.0 -1200.0
f 473 474 478 477
f 474 475 479 478
f 475 476 480 479
f 476 473 477 480
f 476 475 474 473
f 477 478 479 480
v -169.6 193.5 -1210.0
v -169.6 193.5 -1240.0
v -150.4 216.5 -1240.0
v -150.4 216.5 -1210.0
v -199.6 218.5 -1210.0
v -199.6 218.5 -1240.0
v -180.4 241.5 -1240.0
v -180.4 241.5 -1210.0
f 481 482 486 485
f 482 483 487 486
f 483 484 488 487
f 484 481 485 488
f 484 483 482 481
f 485 486 487 488
v -220.0 466.0 -850.0
v -260.0 466.0 -850.0
v -260.0 514.0 -850.0
v -220.0 514.0 -850.0
v -220.0 466.0 -800.0
v -260.0 466.0 -800.0
v -260.0 514.0 -800.0
v -220.0 514.0 -800.0
f 489 490 494 493
f 490 491 495 494
f 491 492 496 495
f 492 489 493 496
f 492 491 490 489
f 493 494 495 496
v -313.7 613.8 -840.0
v -313.7 613.8 -810.0
v -286.3 626.2 -810.0
v -286.3 626.2 -840.0
v -263.7 503.8 -840.0
v -263.7 503.8 -810.0
v -236.3 516.2 -810.0
v -236.3 516.2 -840.0
f 497 498 502 501
f 498 499 503 502
f 499 500 504 503
f 500 497 501 504
f 500 499 498 497
f 501 502 503 504
v -220.0 466.0 -1030.0
v -260.0 466.0 -1030.0
v -260.0 514.0 -1030.0
v -220.0 514.0 -1030.0
v -220.0 466.0 -980.0
v -260.0 466.0 -980.0
v -260.0 514.0 -980.0
v -220.0 514.0 -980.0
f 505 506 510 509
f 506 507 511 510
f 507 508 512 511
f 508 505 509 512
f 508 507 506 505
f 509 510 511 512
v -313.7 613.8 -1020.0
v -313.7 613.8 -990.0
v -286.3 626.2 -990.0
v -286.3 626.2 -1020.0
v -263.7 503.8 -1020.0
v -263.7 503.8 -990.0
v -236.3 516.2 -990.0
v -236.3 516.2 -1020.0
f 513 514 518 517
f 514 515 519 518
f 515 516 520 519
f 516 513 517 520
f 516 515 514 513
f 517 518 519 520
v -287.8 611.3 -1110.0
v -287.8 611.3 -1140.0
v -312.2 628.7 -1140.0
v -312.2 628.7 -1110.0
v -373.2 492.0 -1110.0
v -373.2 492.0 -1140.0
v -397.6 509.5 -1140.0
v -397.6 509.5 -1110.0
f 521 522 526 525
f 522 523 527 526
f 523 524 528 527
f 524 521 525 528
f 524 523 522 521
f 525 526 527 528
v -174.6 201.4 -890.0
v -174.6 201.4 -920.0
v -145.4 208.6 -920.0
v -145.4 208.6 -890.0
v -229.4 424.0 -890.0
v -229.4 424.0 -920.0
v -200.3 431.2 -920.0
v -200.3 431.2 -890.0
f 529 530 534 533
f 530 531 535 534
f 531 532 536 535
f 532 529 533 536
f 532 531 530 529
f 533 534 535 536
v 135.0 180.0 -625.0
v 185.0 180.0 -625.0
v 185.0 230.0 -625.0
v 135.0 230.0 -625.0
v 135.0 180.0 -1325.0
v 185.0 180.0 -1325.0
v 185.0 230.0 -1325.0
v 135.0 230.0 -1325.0
f 537 538 542 541
f 538 539 543 542
f 539 540 544 543
f 540 537 541 544
f 540 539 538 537
f 541 542 543 544
v 166.2 180.8 -650.0
v 166.2 180.8 -600.0
v 153.8 229.2 -600.0
v 153.8 229.2 -650.0
v 556.2 280.8 -650.0
v 556.2 280.8 -600.0
v 543.8 329.2 -600.0
v 543.8 329.2 -650.0
f 545 546 550 549
f 546 547 551 550
f 547 548 552 551
f 548 545 549 552
f 548 547 546 545
f 549 550 551 552
v 280.0 600.0 -625.0
v 320.0 600.0 -625.0
v 320.0 640.0 -625.0
v 280.0 640.0 -625.0
v 280.0 600.0 -1325.0
v 320.0 600.0 -1325.0
v 320.0 640.0 -1325.0
v 280.0 640.0 -1325.0
f 553 554 558 557
f 554 555 559 558
f 555 556 560 559
f 556 553 557 560
f 556 555 554 553
f 557 558 559 560
v 178.7 222.9 -1345.0
v 178.7 222.9 -1305.0
v 141.3 237.1 -1305.0
v 141.3 237.1 -1345.0
v 318.7 592.9 -1345.0
v 318.7 592.9 -1305.0
v 281.3 607.1 -1305.0
v 281.3 607.1 -1345.0
f 561 562 566 565
f 562 563 567 566
f 563 564 568 567
f 564 561 565 568
f 564 563 562 561
f 565 566 567 568
v 178.7 222.9 -885.0
v 178.7 222.9 -845.0
v 141.3 237.1 -845.0
v 141.3 237.1 -885.0
v 318.7 592.9 -885.0
v 318.7 592.9 -845.0
v 281.3 607.1 -845.0
v 281.3 607.1 -885.0
f 569 570 574 573
f 570 571 575 574
f 571 572 576 575
f 572 569 573 576
f 572 571 570 569
f 573 574 575 576
v 220.0 206.0 -970.0
v 180.0 206.0 -970.0
v 180.0 254.0 -970.0
v 220.0 254.0 -970.0
v 220.0 206.0 -920.0
v 180.0 206.0 -920.0
v 180.0 254.0 -920.0
v 220.0 254.0 -920.0
f 577 578 582 581
f 578 579 583 582
f 579 580 584 583
f 580 577 581 584
f 580 579 578 577
f 581 582 583 584
v 169.6 193.5 -960.0
v 169.6 193.5 -930.0
v 150.4 216.5 -930.0
v 150.4 216.5 -960.0
v 199.6 218.5 -960.0
v 199.6 218.5 -930.0
v 180.4 241.5 -930.0
v 180.4 241.5 -960.0
f 585 586 590 589
f 586 587 591 590
f 587 588 592 591
f 588 585 589 592
f 588 587 586 585
f 589 590 591 592
v 220.0 206.0 -1250.0
v 180.0 206.0 -1250.0
v 180.0 254.0 -1250.0
v 220.0 254.0 -1250.0
v 220.0 206.0 -1200.0
v 180.0 206.0 -1200.0
v 180.0 254.0 -1200.0
v 220.0 254.0 -1200.0
f 593 594 598 597
f 594 595 599 598
f 595 596 600 599
f 596 593 597 600
f 596 595 594 593
f 597 598 599 600
v 169.6 193.5 -1240.0
v 169.6 193.5 -1210.0
v 150.4 216.5 -1210.0
v 150.4 216.5 -1240.0
v 199.6 218.5 -1240.0
v 199.6 218.5 -1210.0
v 180.4 241.5 -1210.0
v 180.4 241.5 -1240.0
f 601 602 606 605
f 602 603 607 606
f 603 604 608 607
f 604 601 605 608
f 604 603 602 601
f 605 606 607 608
v 260.0 466.0 -850.0
v 220.0 466.0 -850.0
v 220.0 514.0 -850.0
v 260.0 514.0 -850.0
v 260.0 466.0 -800.0
v 220.0 466.0 -800.0
v 220.0 514.0 -800.0
v 260.0 514.0 -800.0
f 609 610 614 613
f 610 611 615 614
f 611 612 616 615
f 612 609 613 616
f 612 611 610 609
f 613 614 615 616
v 313.7 613.8 -810.0
v 313.7 613.8 -840.0
v 286.3 626.2 -840.0
v 286.3 626.2 -810.0
v 263.7 503.8 -810.0
v 263.7 503.8 -840.0
v 236.3 516.2 -840.0
v 236.3 516.2 -810.0
f 617 618 622 621
f 618 619 623 622
f 619 620 624 623
f 620 617 621 624
f 620 619 618 617
f 621 622 623 624
v 260.0 466.0 -1030.0
v 220.0 466.0 -1030.0
v 220.0 514.0 -1030.0
v 260.0 514.0 -1030.0
v 260.0 466.0 -980.0
v 220.0 466.0 -980.0
v 220.0 514.0 -980.0
v 260.0 514.0 -980.0
f 625 626 630 629
f 626 627 631 630
f 627 628 632 631
f 628 625 629 632
f 628 627 626 625
f 629 630 631 632
v 313.7 613.8 -990.0
v 313.7 613.8 -1020.0
v 286.3 626.2 -1020.0
v 286.3 626.2 -990.0
v 263.7 503.8 -990.0
v 263.7 503.8 -1020.0
v 236.3 516.2 -1020.0
v 236.3 516.2 -990.0
f 633 634 638 637
f 634 635 639 638
f 635 636 640 639
f 636 633 637 640
f 636 635 634 633
f 637 638 639 640
v 287.8 611.3 -1140.0
v 287.8 611.3 -1110.0
v 312.2 628.7 -1110.0
v 312.2 628.7 -1140.0
v 373.2 492.0 -1140.0
v 373.2 492.0 -1110.0
v 397.6 509.5 -1110.0
v 397.6 509.5 -1140.0
f 641 642 646 645
f 642 643 647 646
f 643 644 648 647
f 644 641 645 648
f 644 643 642 641
f 645 646 647 648
v 145.4 208.6 -890.0
v 145.4 208.6 -920.0
v 174.6 201.4 -920.0
v 174.6 201.4 -890.0
v 200.3 431.2 -890.0
v 200.3 431.2 -920.0
v 229.4 424.0 -920.0
v 229.4 424.0 -890.0
f 649 650 654 653
f 650 651 655 654
f 651 652 656 655
f 652 649 653 656
f 652 651 650 649
f 653 654 655 656
v -185.0 180.0 -1350.0
v -185.0 180.0 -1300.0
v -185.0 230.0 -1300.0
v -185.0 230.0 -1350.0
v 185.0 180.0 -1350.0
v 185.0 180.0 -1300.0
v 185.0 230.0 -1300.0
v 185.0 230.0 -1350.0
f 657 658 662 661
f 658 659 663 662
f 659 660 664 663
f 660 657 661 664
f 660 659 658 657
f 661 662 663 664
v -300.0 600.0 -1345.0
v -300.0 600.0 -1305.0
v -300.0 640.0 -1305.0
v -300.0 640.0 -1345.0
v 300.0 600.0 -1345.0
v 300.0 600.0 -1305.0
v 300.0 640.0 -1305.0
v 300.0 640.0 -1345.0
f 665 666 670 669
f 666 667 671 670
f 667 668 672 671
f 668 665 669 672
f 668 667 666 665
f 669 670 671 672
v -70.0 440.0 -320.0
v -490.0 440.0 -320.0
v -490.0 490.0 -320.0
v -70.0 490.0 -320.0
v -70.0 440.0 120.0
v -490.0 440.0 120.0
v -490.0 490.0 120.0
v -70.0 490.0 120.0
f 673 674 678 677
f 674 675 679 678
f 675 676 680 679
f 676 673 677 680
f 676 675 674 673
f 677 678 679 680
v -70.0 460.0 -355.0
v -490.0 460.0 -355.0
v -490.0 1010.0 -355.0
v -70.0 1010.0 -355.0
v -70.0 460.0 -305.0
v -490.0 460.0 -305.0
v -490.0 1010.0 -305.0
v -70.0 1010.0 -305.0
f 681 682 686 685
f 682 683 687 686
f 683 684 688 687
f 684 681 685 688
f 684 683 682 681
f 685 686 687 688
v 490.0 440.0 -320.0
v 70.0 440.0 -320.0
v 70.0 490.0 -320.0
v 490.0 490.0 -320.0
v 490.0 440.0 120.0
v 70.0 440.0 120.0
v 70.0 490.0 120.0
v 490.0 490.0 120.0
f 689 690 694 693
f 690 691 695 694
f 691 692 696 695
f 692 689 693 696
f 692 691 690 689
f 693 694 695 696
v 490.0 460.0 -355.0
v 70.0 460.0 -355.0
v 70.0 1010.0 -355.0
v 490.0 1010.0 -355.0
v 490.0 460.0 -305.0
v 70.0 460.0 -305.0
v 70.0 1010.0 -305.0
v 490.0 1010.0 -305.0
f 697 698 702 701
f 698 699 703 702
f 699 700 704 703
f 700 697 701 704
f 700 699 698 697
f 701 702 703 704
o suspension
v -207.2 215.2 1160.0
v -198.3 215.2 1131.4
v -202.8 244.8 1130.0
v -211.7 244.8 1158.6
v -597.2 150.2 1040.0
v -588.3 150.2 1011.4
v -592.8 179.8 1010.0
v -601.7 179.8 1038.6
f 705 706 710 709
f 706 707 711 710
f 707 708 712 711
f 708 705 709 712
f 708 707 706 705
f 709 710 711 712
v -198.3 215.2 918.6
v -207.2 215.2 890.0
v -211.7 244.8 891.4
v -202.8 244.8 920.0
v -588.3 150.2 1038.6
v -597.2 150.2 1010.0
v -601.7 179.8 1011.4
v -592.8 179.8 1040.0
f 713 714 718 717
f 714 715 719 718
f 715 716 720 719
f 716 713 717 720
f 716 715 714 713
f 717 718 719 720
v -249.5 477.5 1141.7
v -239.0 477.5 1119.0
v -240.5 502.5 1118.3
v -251.0 502.5 1141.0
v -529.5 457.5 1011.7
v -519.0 457.5 989.0
v -520.5 482.5 988.3
v -531.0 482.5 1011.0
f 721 722 726 725
f 722 723 727 726
f 723 724 728 727
f 724 721 725 728
f 724 723 722 721
f 725 726 727 728
v -239.0 477.5 881.0
v -249.5 477.5 858.3
v -251.0 502.5 859.0
v -240.5 502.5 881.7
v -519.0 457.5 1011.0
v -529.5 457.5 988.3
v -531.0 482.5 989.0
v -520.5 482.5 1011.7
f 729 730 734 733
f 730 731 735 734
f 731 732 736 735
f 732 729 733 736
f 732 731 730 729
f 733 734 735 736
v -471.0 175.2 1067.0
v -446.0 175.2 1067.0
v -446.0 200.2 1067.0
v -471.0 200.2 1067.0
v -471.0 175.2 983.0
v -446.0 175.2 983.0
v -446.0 200.2 983.0
v -471.0 200.2 983.0
f 737 738 742 741
f 738 739 743 742
f 739 740 744 743
f 740 737 741 744
f 740 739 738 737
f 741 742 743 744
v -479.8 193.1 1022.0
v -479.8 193.1 978.0
v -437.2 182.4 978.0
v -437.2 182.4 1022.0
v -439.7 354.2 1022.0
v -439.7 354.2 978.0
v -397.0 343.6 978.0
v -397.0 343.6 1022.0
f 745 746 750 749
f 746 747 751 750
f 747 748 752 751
f 748 745 749 752
f 748 747 746 745
f 749 750 751 752
v -426.1 350.9 1008.0
v -426.1 350.9 992.0
v -410.6 347.0 992.0
v -410.6 347.0 1008.0
v -393.2 482.7 1008.0
v -393.2 482.7 992.0
v -377.7 478.8 992.0
v -377.7 478.8 1008.0
f 753 754 758 757
f 754 755 759 758
f 755 756 760 759
f 756 753 757 760
f 756 755 754 753
f 757 758 759 760
v -480.8 230.7 1032.0
v -480.8 230.7 968.0
v -418.7 215.2 968.0
v -418.7 215.2 1032.0
v -426.7 447.5 1032.0
v -426.7 447.5 968.0
v -364.6 432.0 968.0
v -364.6 432.0 1032.0
f 761 762 766 765
f 762 763 767 766
f 763 764 768 767
f 764 761 765 768
f 764 763 762 761
f 765 766 767 768
v -619.6 160.7 1050.0
v -619.6 160.7 1000.0
v -570.4 169.3 1000.0
v -570.4 169.3 1050.0
v -639.6 275.7 1050.0
v -639.6 275.7 1000.0
v -590.4 284.3 1000.0
v -590.4 284.3 1050.0
f 769 770 774 773
f 770 771 775 774
f 771 772 776 775
f 772 769 773 776
f 772 771 770 769
f 773 774 775 776
v -598.3 264.9 1002.5
v -598.3 264.9 1047.5
v -631.7 295.1 1047.5
v -631.7 295.1 1002.5
v -508.3 364.9 1002.5
v -508.3 364.9 1047.5
v -541.7 395.1 1047.5
v -541.7 395.1 1002.5
f 777 778 782 781
f 778 779 783 782
f 779 780 784 783
f 780 777 781 784
f 780 779 778 777
f 781 782 783 784
v -545.0 326.9 1044.9
v -545.0 320.9 1005.4
v -491.0 323.1 1005.1
v -491.0 329.1 1044.6
v -552.0 491.9 1019.9
v -552.0 485.9 980.4
v -498.0 488.1 980.1
v -498.0 494.1 1019.6
f 785 786 790 789
f 786 787 791 790
f 787 788 792 791
f 788 785 789 792
f 788 787 786 785
f 789 790 791 792
v -551.6 389.0 1001.7
v -530.6 389.0 1008.3
v -530.6 411.0 1008.3
v -551.6 411.0 1001.7
v -519.9 389.0 901.7
v -498.9 389.0 908.3
v -498.9 411.0 908.3
v -519.9 411.0 901.7
f 793 794 798 797
f 794 795 799 798
f 795 796 800 799
f 796 793 797 800
f 796 795 794 793
f 797 798 799 800
v -214.1 419.7 913.0
v -214.1 419.7 897.0
v -215.6 435.6 897.0
v -215.6 435.6 913.0
v -508.6 392.0 913.0
v -508.6 392.0 897.0
v -510.1 408.0 897.0
v -510.1 408.0 913.0
f 801 802 806 805
f 802 803 807 806
f 803 804 808 807
f 804 801 805 808
f 804 803 802 801
f 805 806 807 808
v -685.0 280.0 1070.0
v -685.0 293.9 1067.8
v -685.0 306.5 1061.4
v -685.0 316.4 1051.5
v -685.0 322.8 1038.9
v -685.0 325.0 1025.0
v -685.0 322.8 1011.1
v -685.0 316.4 998.5
v -685.0 306.5 988.6
v -685.0 293.9 982.2
v -685.0 280.0 980.0
v -685.0 266.1 982.2
v -685.0 253.5 988.6
v -685.0 243.6 998.5
v -685.0 237.2 1011.1
v -685.0 235.0 1025.0
v -685.0 237.2 1038.9
v -685.0 243.6 1051.5
v -685.0 253.5 1061.4
v -685.0 266.1 1067.8
v -605.0 280.0 1070.0
v -605.0 293.9 1067.8
v -605.0 306.5 1061.4
v -605.0 316.4 1051.5
v -605.0 322.8 1038.9
v -605.0 325.0 1025.0
v -605.0 322.8 1011.1
v -605.0 316.4 998.5
v -605.0 306.5 988.6
v -605.0 293.9 982.2
v -605.0 280.0 980.0
v -605.0 266.1 982.2
v -605.0 253.5 988.6
v -605.0 243.6 998.5
v -605.0 237.2 1011.1
v -605.0 235.0 1025.0
v -605.0 237.2 1038.9
v -605.0 243.6 1051.5
v -605.0 253.5 1061.4
v -605.0 266.1 1067.8
f 809 810 830 829
f 810 811 831 830
f 811 812 832 831
f 812 813 833 832
f 813 814 834 833
f 814 815 835 834
f 815 816 836 835
f 816 817 837 836
f 817 818 838 837
f 818 819 839 838
f 819 820 840 839
f 820 821 841 840
f 821 822 842 841
f 822 823 843 842
f 823 824 844 843
f 824 825 845 844
f 825 826 846 845
f 826 827 847 846
f 827 828 848 847
f 828 809 829 848
f 828 827 826 825 824 823 822 821 820 819 818 817 816 815 814 813 812 811 810 809
f 829 830 831 832 833 834 835 836 837 838 839 840 841 842 843 844 845 846 847 848
v -685.0 280.0 1144.0
v -685.0 303.2 1141.7
v -685.0 325.5 1134.9
v -685.0 346.1 1123.9
v -685.0 364.1 1109.1
v -685.0 378.9 1091.1
v -685.0 389.9 1070.5
v -685.0 396.7 1048.2
v -685.0 399.0 1025.0
v -685.0 396.7 1001.8
v -685.0 389.9 979.5
v -685.0 378.9 958.9
v -685.0 364.1 940.9
v -685.0 346.1 926.1
v -685.0 325.5 915.1
v -685.0 303.2 908.3
v -685.0 280.0 906.0
v -685.0 256.8 908.3
v -685.0 234.5 915.1
v -685.0 213.9 926.1
v -685.0 195.9 940.9
v -685.0 181.1 958.9
v -685.0 170.1 979.5
v -685.0 163.3 1001.8
v -685.0 161.0 1025.0
v -685.0 163.3 1048.2
v -685.0 170.1 1070.5
v -685.0 181.1 1091.1
v -685.0 195.9 1109.1
v -685.0 213.9 1123.9
v -685.0 234.5 1134.9
v -685.0 256.8 1141.7
v -673.0 280.0 1144.0
v -673.0 303.2 1141.7
v -673.0 325.5 1134.9
v -673.0 346.1 1123.9
v -673.0 364.1 1109.1
v -673.0 378.9 1091.1
v -673.0 389.9 1070.5
v -673.0 396.7 1048.2
v -673.0 399.0 1025.0
v -673.0 396.7 1001.8
v -673.0 389.9 979.5
v -673.0 378.9 958.9
v -673.0 364.1 940.9
v -673.0 346.1 926.1
v -673.0 325.5 915.1
v -673.0 303.2 908.3
v -673.0 280.0 906.0
v -673.0 256.8 908.3
v -673.0 234.5 915.1
v -673.0 213.9 926.1
v -673.0 195.9 940.9
v -673.0 181.1 958.9
v -673.0 170.1 979.5
v -673.0 163.3 1001.8
v -673.0 161.0 1025.0
v -673.0 163.3 1048.2
v -673.0 170.1 1070.5
v -673.0 181.1 1091.1
v -673.0 195.9 1109.1
v -673.0 213.9 1123.9
v -673.0 234.5 1134.9
v -673.0 256.8 1141.7
f 849 850 882 881
f 850 851 883 882
f 851 852 884 883
f 852 853 885 884
f 853 854 886 885
f 854 855 887 886
f 855 856 888 887
f 856 857 889 888
f 857 858 890 889
f 858 859 891 890
f 859 860 892 891
f 860 861 893 892
f 861 862 894 893
f 862 863 895 894
f 863 864 896 895
f 864 865 897 896
f 865 866 898 897
f 866 867 899 898
f 867 868 900 899
f 868 869 901 900
f 869 870 902 901
f 870 871 903 902
f 871 872 904 903
f 872 873 905 904
f 873 874 906 905
f 874 875 907 906
f 875 876 908 907
f 876 877 909 908
f 877 878 910 909
f 878 879 911 910
f 879 880 912 911
f 880 849 881 912
f 880 879 878 877 876 875 874 873 872 871 870 869 868 867 866 865 864 863 862 861 860 859 858 857 856 855 854 853 852 851 850 849
f 881 882 883 884 885 886 887 888 889 890 891 892 893 894 895 896 897 898 899 900 901 902 903 904 905 906 907 908 909 910 911 912
v -654.0 350.0 930.0
v -704.0 350.0 930.0
v -704.0 400.0 930.0
v -654.0 400.0 930.0
v -654.0 350.0 1000.0
v -704.0 350.0 1000.0
v -704.0 400.0 1000.0
v -654.0 400.0 1000.0
f 913 914 918 917
f 914 915 919 918
f 915 916 920 919
f 916 913 917 920
f 916 915 914 913
f 917 918 919 920
v -737.5 280.0 1314.0
v -737.5 336.4 1308.4
v -737.5 390.6 1292.0
v -737.5 440.6 1265.3
v -737.5 484.4 1229.4
v -737.5 520.3 1185.6
v -737.5 547.0 1135.6
v -737.5 563.4 1081.4
v -737.5 569.0 1025.0
v -737.5 563.4 968.6
v -737.5 547.0 914.4
v -737.5 520.3 864.4
v -737.5 484.4 820.6
v -737.5 440.6 784.7
v -737.5 390.6 758.0
v -737.5 336.4 741.6
v -737.5 280.0 736.0
v -737.5 223.6 741.6
v -737.5 169.4 758.0
v -737.5 119.4 784.7
v -737.5 75.6 820.6
v -737.5 39.7 864.4
v -737.5 13.0 914.4
v -737.5 -3.4 968.6
v -737.5 -9.0 1025.0
v -737.5 -3.4 1081.4
v -737.5 13.0 1135.6
v -737.5 39.7 1185.6
v -737.5 75.6 1229.4
v -737.5 119.4 1265.3
v -737.5 169.4 1292.0
v -737.5 223.6 1308.4
v -562.5 280.0 1314.0
v -562.5 336.4 1308.4
v -562.5 390.6 1292.0
v -562.5 440.6 1265.3
v -562.5 484.4 1229.4
v -562.5 520.3 1185.6
v -562.5 547.0 1135.6
v -562.5 563.4 1081.4
v -562.5 569.0 1025.0
v -562.5 563.4 968.6
v -562.5 547.0 914.4
v -562.5 520.3 864.4
v -562.5 484.4 820.6
v -562.5 440.6 784.7
v -562.5 390.6 758.0
v -562.5 336.4 741.6
v -562.5 280.0 736.0
v -562.5 223.6 741.6
v -562.5 169.4 758.0
v -562.5 119.4 784.7
v -562.5 75.6 820.6
v -562.5 39.7 864.4
v -562.5 13.0 914.4
v -562.5 -3.4 968.6
v -562.5 -9.0 1025.0
v -562.5 -3.4 1081.4
v -562.5 13.0 1135.6
v -562.5 39.7 1185.6
v -562.5 75.6 1229.4
v -562.5 119.4 1265.3
v -562.5 169.4 1292.0
v -562.5 223.6 1308.4
f 921 922 954 953
f 922 923 955 954
f 923 924 956 955
f 924 925 957 956
f 925 926 958 957
f 926 927 959 958
f 927 928 960 959
f 928 929 961 960
f 929 930 962 961
f 930 931 963 962
f 931 932 964 963
f 932 933 965 964
f 933 934 966 965
f 934 935 967 966
f 935 936 968 967
f 936 937 969 968
f 937 938 970 969
f 938 939 971 970
f 939 940 972 971
f 940 941 973 972
f 941 942 974 973
f 942 943 975 974
f 943 944 976 975
f 944 945 977 976
f 945 946 978 977
f 946 947 979 978
f 947 948 980 979
f 948 949 981 980
f 949 950 982 981
f 950 951 983 982
f 951 952 984 983
f 952 921 953 984
f 952 951 950 949 948 947 946 945 944 943 942 941 940 939 938 937 936 935 934 933 932 931 930 929 928 927 926 925 924 923 922 921
f 953 954 955 956 957 958 959 960 961 962 963 964 965 966 967 968 969 970 971 972 973 974 975 976 977 978 979 980 981 982 983 984
v -738.5 280.0 1190.0
v -738.5 322.7 1184.4
v -738.5 362.5 1167.9
v -738.5 396.7 1141.7
v -738.5 422.9 1107.5
v -738.5 439.4 1067.7
v -738.5 445.0 1025.0
v -738.5 439.4 982.3
v -738.5 422.9 942.5
v -738.5 396.7 908.3
v -738.5 362.5 882.1
v -738.5 322.7 865.6
v -738.5 280.0 860.0
v -738.5 237.3 865.6
v -738.5 197.5 882.1
v -738.5 163.3 908.3
v -738.5 137.1 942.5
v -738.5 120.6 982.3
v -738.5 115.0 1025.0
v -738.5 120.6 1067.7
v -738.5 137.1 1107.5
v -738.5 163.3 1141.7
v -738.5 197.5 1167.9
v -738.5 237.3 1184.4
v -561.5 280.0 1190.0
v -561.5 322.7 1184.4
v -561.5 362.5 1167.9
v -561.5 396.7 1141.7
v -561.5 422.9 1107.5
v -561.5 439.4 1067.7
v -561.5 445.0 1025.0
v -561.5 439.4 982.3
v -561.5 422.9 942.5
v -561.5 396.7 908.3
v -561.5 362.5 882.1
v -561.5 322.7 865.6
v -561.5 280.0 860.0
v -561.5 237.3 865.6
v -561.5 197.5 882.1
v -561.5 163.3 908.3
v -561.5 137.1 942.5
v -561.5 120.6 982.3
v -561.5 115.0 1025.0
v -561.5 120.6 1067.7
v -561.5 137.1 1107.5
v -561.5 163.3 1141.7
v -561.5 197.5 1167.9
v -561.5 237.3 1184.4
f 985 986 1010 1009
f 986 987 1011 1010
f 987 988 1012 1011
f 988 989 1013 1012
f 989 990 1014 1013
f 990 991 1015 1014
f 991 992 1016 1015
f 992 993 1017 1016
f 993 994 1018 1017
f 994 995 1019 1018
f 995 996 1020 1019
f 996 997 1021 1020
f 997 998 1022 1021
f 998 999 1023 1022
f 999 1000 1024 1023
f 1000 1001 1025 1024
f 1001 1002 1026 1025
f 1002 1003 1027 1026
f 1003 1004 1028 1027
f 1004 1005 1029 1028
f 1005 1006 1030 1029
f 1006 1007 1031 1030
f 1007 1008 1032 1031
f 1008 985 1009 1032
f 1008 1007 1006 1005 1004 1003 1002 1001 1000 999 998 997 996 995 994 993 992 991 990 989 988 987 986 985
f 1009 1010 1011 1012 1013 1014 1015 1016 1017 1018 1019 1020 1021 1022 1023 1024 1025 1026 1027 1028 1029 1030 1031 1032
v -205.6 215.2 -929.8
v -199.6 215.2 -959.2
v -204.4 244.8 -960.2
v -210.4 244.8 -930.8
v -595.6 150.2 -1009.8
v -589.6 150.2 -1039.2
v -594.4 179.8 -1040.2
v -600.4 179.8 -1010.8
f 1033 1034 1038 1037
f 1034 1035 1039 1038
f 1035 1036 1040 1039
f 1036 1033 1037 1040
f 1036 1035 1034 1033
f 1037 1038 1039 1040
v -196.2 215.2 -1212.7
v -209.9 215.2 -1239.4
v -213.8 244.8 -1237.3
v -200.1 244.8 -1210.6
v -586.2 150.2 -1012.7
v -599.9 150.2 -1039.4
v -603.8 179.8 -1037.3
v -590.1 179.8 -1010.6
f 1041 1042 1046 1045
f 1042 1043 1047 1046
f 1043 1044 1048 1047
f 1044 1041 1045 1048
f 1044 1043 1042 1041
f 1045 1046 1047 1048
v -251.7 477.5 -814.4
v -237.1 477.5 -834.8
v -238.3 502.5 -835.6
v -252.9 502.5 -815.2
v -531.7 457.5 -1014.4
v -517.1 457.5 -1034.8
v -518.3 482.5 -1035.6
v -532.9 482.5 -1015.2
f 1049 1050 1054 1053
f 1050 1051 1055 1054
f 1051 1052 1056 1055
f 1052 1049 1053 1056
f 1052 1051 1050 1049
f 1053 1054 1055 1056
v -245.0 477.5 -992.5
v -243.2 477.5 -1017.4
v -245.0 502.5 -1017.5
v -246.8 502.5 -992.6
v -525.0 457.5 -1012.5
v -523.2 457.5 -1037.4
v -525.0 482.5 -1037.5
v -526.8 482.5 -1012.6
f 1057 1058 1062 1061
f 1058 1059 1063 1062
f 1059 1060 1064 1063
f 1060 1057 1061 1064
f 1060 1059 1058 1057
f 1061 1062 1063 1064
v -471.0 175.2 -997.0
v -446.0 175.2 -997.0
v -446.0 200.2 -997.0
v -471.0 200.2 -997.0
v -471.0 175.2 -1095.0
v -446.0 175.2 -1095.0
v -446.0 200.2 -1095.0
v -471.0 200.2 -1095.0
f 1065 1066 1070 1069
f 1066 1067 1071 1070
f 1067 1068 1072 1071
f 1068 1065 1069 1072
f 1068 1067 1066 1065
f 1069 1070 1071 1072
v -471.0 175.2 -1095.0
v -446.0 175.2 -1095.0
v -446.0 200.2 -1095.0
v -471.0 200.2 -1095.0
v -471.0 175.2 -1125.0
v -446.0 175.2 -1125.0
v -446.0 200.2 -1125.0
v -471.0 200.2 -1125.0
f 1073 1074 1078 1077
f 1074 1075 1079 1078
f 1075 1076 1080 1079
f 1076 1073 1077 1080
f 1076 1075 1074 1073
f 1077 1078 1079 1080
v -479.8 193.1 -1103.0
v -479.8 193.1 -1147.0
v -437.2 182.4 -1147.0
v -437.2 182.4 -1103.0
v -439.7 354.2 -1103.0
v -439.7 354.2 -1147.0
v -397.0 343.6 -1147.0
v -397.0 343.6 -1103.0
f 1081 1082 1086 1085
f 1082 1083 1087 1086
f 1083 1084 1088 1087
f 1084 1081 1085 1088
f 1084 1083 1082 1081
f 1085 1086 1087 1088
v -426.1 350.9 -1117.0
v -426.1 350.9 -1133.0
v -410.6 347.0 -1133.0
v -410.6 347.0 -1117.0
v -393.2 482.7 -1117.0
v -393.2 482.7 -1133.0
v -377.7 478.8 -1133.0
v -377.7 478.8 -1117.0
f 1089 1090 1094 1093
f 1090 1091 1095 1094
f 1091 1092 1096 1095
f 1092 1089 1093 1096
f 1092 1091 1090 1089
f 1093 1094 1095 1096
v -480.8 230.7 -1093.0
v -480.8 230.7 -1157.0
v -418.7 215.2 -1157.0
v -418.7 215.2 -1093.0
v -426.7 447.5 -1093.0
v -426.7 447.5 -1157.0
v -364.6 432.0 -1157.0
v -364.6 432.0 -1093.0
f 1097 1098 1102 1101
f 1098 1099 1103 1102
f 1099 1100 1104 1103
f 1100 1097 1101 1104
f 1100 1099 1098 1097
f 1101 1102 1103 1104
v -619.6 160.7 -1000.0
v -619.6 160.7 -1050.0
v -570.4 169.3 -1050.0
v -570.4 169.3 -1000.0
v -639.6 275.7 -1000.0
v -639.6 275.7 -1050.0
v -590.4 284.3 -1050.0
v -590.4 284.3 -1000.0
f 1105 1106 1110 1109
f 1106 1107 1111 1110
f 1107 1108 1112 1111
f 1108 1105 1109 1112
f 1108 1107 1106 1105
f 1109 1110 1111 1112
v -598.3 264.9 -1047.5
v -598.3 264.9 -1002.5
v -631.7 295.1 -1002.5
v -631.7 295.1 -1047.5
v -508.3 364.9 -1047.5
v -508.3 364.9 -1002.5
v -541.7 395.1 -1002.5
v -541.7 395.1 -1047.5
f 1113 1114 1118 1117
f 1114 1115 1119 1118
f 1115 1116 1120 1119
f 1116 1113 1117 1120
f 1116 1115 1114 1113
f 1117 1118 1119 1120
v -545.0 323.9 -1005.0
v -545.0 323.9 -1045.0
v -491.0 326.1 -1045.0
v -491.0 326.1 -1005.0
v -552.0 488.9 -1005.0
v -552.0 488.9 -1045.0
v -498.0 491.1 -1045.0
v -498.0 491.1 -1005.0
f 1121 1122 1126 1125
f 1122 1123 1127 1126
f 1123 1124 1128 1127
f 1124 1121 1125 1128
f 1124 1123 1122 1121
f 1125 1126 1127 1128
v -530.6 389.0 -1008.3
v -551.6 389.0 -1001.7
v -551.6 411.0 -1001.7
v -530.6 411.0 -1008.3
v -498.9 389.0 -908.3
v -519.9 389.0 -901.7
v -519.9 411.0 -901.7
v -498.9 411.0 -908.3
f 1129 1130 1134 1133
f 1130 1131 1135 1134
f 1131 1132 1136 1135
f 1132 1129 1133 1136
f 1132 1131 1130 1129
f 1133 1134 1135 1136
v -214.1 419.7 -897.0
v -214.1 419.7 -913.0
v -215.6 435.6 -913.0
v -215.6 435.6 -897.0
v -508.6 392.0 -897.0
v -508.6 392.0 -913.0
v -510.1 408.0 -913.0
v -510.1 408.0 -897.0
f 1137 1138 1142 1141
f 1138 1139 1143 1142
f 1139 1140 1144 1143
f 1140 1137 1141 1144
f 1140 1139 1138 1137
f 1141 1142 1143 1144
v -685.0 280.0 -980.0
v -685.0 293.9 -982.2
v -685.0 306.5 -988.6
v -685.0 316.4 -998.5
v -685.0 322.8 -1011.1
v -685.0 325.0 -1025.0
v -685.0 322.8 -1038.9
v -685.0 316.4 -1051.5
v -685.0 306.5 -1061.4
v -685.0 293.9 -1067.8
v -685.0 280.0 -1070.0
v -685.0 266.1 -1067.8
v -685.0 253.5 -1061.4
v -685.0 243.6 -1051.5
v -685.0 237.2 -1038.9
v -685.0 235.0 -1025.0
v -685.0 237.2 -1011.1
v -685.0 243.6 -998.5
v -685.0 253.5 -988.6
v -685.0 266.1 -982.2
v -605.0 280.0 -980.0
v -605.0 293.9 -982.2
v -605.0 306.5 -988.6
v -605.0 316.4 -998.5
v -605.0 322.8 -1011.1
v -605.0 325.0 -1025.0
v -605.0 322.8 -1038.9
v -605.0 316.4 -1051.5
v -605.0 306.5 -1061.4
v -605.0 293.9 -1067.8
v -605.0 280.0 -1070.0
v -605.0 266.1 -1067.8
v -605.0 253.5 -1061.4
v -605.0 243.6 -1051.5
v -605.0 237.2 -1038.9
v -605.0 235.0 -1025.0
v -605.0 237.2 -1011.1
v -605.0 243.6 -998.5
v -605.0 253.5 -988.6
v -605.0 266.1 -982.2
f 1145 1146 1166 1165
f 1146 1147 1167 1166
f 1147 1148 1168 1167
f 1148 1149 1169 1168
f 1149 1150 1170 1169
f 1150 1151 1171 1170
f 1151 1152 1172 1171
f 1152 1153 1173 1172
f 1153 1154 1174 1173
f 1154 1155 1175 1174
f 1155 1156 1176 1175
f 1156 1157 1177 1176
f 1157 1158 1178 1177
f 1158 1159 1179 1178
f 1159 1160 1180 1179
f 1160 1161 1181 1180
f 1161 1162 1182 1181
f 1162 1163 1183 1182
f 1163 1164 1184 1183
f 1164 1145 1165 1184
f 1164 1163 1162 1161 1160 1159 1158 1157 1156 1155 1154 1153 1152 1151 1150 1149 1148 1147 1146 1145
f 1165 1166 1167 1168 1169 1170 1171 1172 1173 1174 1175 1176 1177 1178 1179 1180 1181 1182 1183 1184
v -685.0 280.0 -906.0
v -685.0 303.2 -908.3
v -685.0 325.5 -915.1
v -685.0 346.1 -926.1
v -685.0 364.1 -940.9
v -685.0 378.9 -958.9
v -685.0 389.9 -979.5
v -685.0 396.7 -1001.8
v -685.0 399.0 -1025.0
v -685.0 396.7 -1048.2
v -685.0 389.9 -1070.5
v -685.0 378.9 -1091.1
v -685.0 364.1 -1109.1
v -685.0 346.1 -1123.9
v -685.0 325.5 -1134.9
v -685.0 303.2 -1141.7
v -685.0 280.0 -1144.0
v -685.0 256.8 -1141.7
v -685.0 234.5 -1134.9
v -685.0 213.9 -1123.9
v -685.0 195.9 -1109.1
v -685.0 181.1 -1091.1
v -685.0 170.1 -1070.5
v -685.0 163.3 -1048.2
v -685.0 161.0 -1025.0
v -685.0 163.3 -1001.8
v -685.0 170.1 -979.5
v -685.0 181.1 -958.9
v -685.0 195.9 -940.9
v -685.0 213.9 -926.1
v -685.0 234.5 -915.1
v -685.0 256.8 -908.3
v -673.0 280.0 -906.0
v -673.0 303.2 -908.3
v -673.0 325.5 -915.1
v -673.0 346.1 -926.1
v -673.0 364.1 -940.9
v -673.0 378.9 -958.9
v -673.0 389.9 -979.5
v -673.0 396.7 -1001.8
v -673.0 399.0 -1025.0
v -673.0 396.7 -1048.2
v -673.0 389.9 -1070.5
v -673.0 378.9 -1091.1
v -673.0 364.1 -1109.1
v -673.0 346.1 -1123.9
v -673.0 325.5 -1134.9
v -673.0 303.2 -1141.7
v -673.0 280.0 -1144.0
v -673.0 256.8 -1141.7
v -673.0 234.5 -1134.9
v -673.0 213.9 -1123.9
v -673.0 195.9 -1109.1
v -673.0 181.1 -1091.1
v -673.0 170.1 -1070.5
v -673.0 163.3 -1048.2
v -673.0 161.0 -1025.0
v -673.0 163.3 -1001.8
v -673.0 170.1 -979.5
v -673.0 181.1 -958.9
v -673.0 195.9 -940.9
v -673.0 213.9 -926.1
v -673.0 234.5 -915.1
v -673.0 256.8 -908.3
f 1185 1186 1218 1217
f 1186 1187 1219 1218
f 1187 1188 1220 1219
f 1188 1189 1221 1220
f 1189 1190 1222 1221
f 1190 1191 1223 1222
f 1191 1192 1224 1223
f 1192 1193 1225 1224
f 1193 1194 1226 1225
f 1194 1195 1227 1226
f 1195 1196 1228 1227
f 1196 1197 1229 1228
f 1197 1198 1230 1229
f 1198 1199 1231 1230
f 1199 1200 1232 1231
f 1200 1201 1233 1232
f 1201 1202 1234 1233
f 1202 1203 1235 1234
f 1203 1204 1236 1235
f 1204 1205 1237 1236
f 1205 1206 1238 1237
f 1206 1207 1239 1238
f 1207 1208 1240 1239
f 1208 1209 1241 1240
f 1209 1210 1242 1241
f 1210 1211 1243 1242
f 1211 1212 1244 1243
f 1212 1213 1245 1244
f 1213 1214 1246 1245
f 1214 1215 1247 1246
f 1215 1216 1248 1247
f 1216 1185 1217 1248
f 1216 1215 1214 1213 1212 1211 1210 1209 1208 1207 1206 1205 1204 1203 1202 1201 1200 1199 1198 1197 1196 1195 1194 1193 1192 1191 1190 1189 1188 1187 1186 1185
f 1217 1218 1219 1220 1221 1222 1223 1224 1225 1226 1227 1228 1229 1230 1231 1232 1233 1234 1235 1236 1237 1238 1239 1240 1241 1242 1243 1244 1245 1246 1247 1248
v -654.0 350.0 -1120.0
v -704.0 350.0 -1120.0
v -704.0 400.0 -1120.0
v -654.0 400.0 -1120.0
v -654.0 350.0 -1050.0
v -704.0 350.0 -1050.0
v -704.0 400.0 -1050.0
v -654.0 400.0 -1050.0
f 1249 1250 1254 1253
f 1250 1251 1255 1254
f 1251 1252 1256 1255
f 1252 1249 1253 1256
f 1252 1251 1250 1249
f 1253 1254 1255 1256
v -737.5 280.0 -736.0
v -737.5 336.4 -741.6
v -737.5 390.6 -758.0
v -737.5 440.6 -784.7
v -737.5 484.4 -820.6
v -737.5 520.3 -864.4
v -737.5 547.0 -914.4
v -737.5 563.4 -968.6
v -737.5 569.0 -1025.0
v -737.5 563.4 -1081.4
v -737.5 547.0 -1135.6
v -737.5 520.3 -1185.6
v -737.5 484.4 -1229.4
v -737.5 440.6 -1265.3
v -737.5 390.6 -1292.0
v -737.5 336.4 -1308.4
v -737.5 280.0 -1314.0
v -737.5 223.6 -1308.4
v -737.5 169.4 -1292.0
v -737.5 119.4 -1265.3
v -737.5 75.6 -1229.4
v -737.5 39.7 -1185.6
v -737.5 13.0 -1135.6
v -737.5 -3.4 -1081.4
v -737.5 -9.0 -1025.0
v -737.5 -3.4 -968.6
v -737.5 13.0 -914.4
v -737.5 39.7 -864.4
v -737.5 75.6 -820.6
v -737.5 119.4 -784.7
v -737.5 169.4 -758.0
v -737.5 223.6 -741.6
v -562.5 280.0 -736.0
v -562.5 336.4 -741.6
v -562.5 390.6 -758.0
v -562.5 440.6 -784.7
v -562.5 484.4 -820.6
v -562.5 520.3 -864.4
v -562.5 547.0 -914.4
v -562.5 563.4 -968.6
v -562.5 569.0 -1025.0
v -562.5 563.4 -1081.4
v -562.5 547.0 -1135.6
v -562.5 520.3 -1185.6
v -562.5 484.4 -1229.4
v -562.5 440.6 -1265.3
v -562.5 390.6 -1292.0
v -562.5 336.4 -1308.4
v -562.5 280.0 -1314.0
v -562.5 223.6 -1308.4
v -562.5 169.4 -1292.0
v -562.5 119.4 -1265.3
v -562.5 75.6 -1229.4
v -562.5 39.7 -1185.6
v -562.5 13.0 -1135.6
v -562.5 -3.4 -1081.4
v -562.5 -9.0 -1025.0
v -562.5 -3.4 -968.6
v -562.5 13.0 -914.4
v -562.5 39.7 -864.4
v -562.5 75.6 -820.6
v -562.5 119.4 -784.7
v -562.5 169.4 -758.0
v -562.5 223.6 -741.6
f 1257 1258 1290 1289
f 1258 1259 1291 1290
f 1259 1260 1292 1291
f 1260 1261 1293 1292
f 1261 1262 1294 1293
f 1262 1263 1295 1294
f 1263 1264 1296 1295
f 1264 1265 1297 1296
f 1265 1266 1298 1297
f 1266 1267 1299 1298
f 1267 1268 1300 1299
f 1268 1269 1301 1300
f 1269 1270 1302 1301
f 1270 1271 1303 1302
f 1271 1272 1304 1303
f 1272 1273 1305 1304
f 1273 1274 1306 1305
f 1274 1275 1307 1306
f 1275 1276 1308 1307
f 1276 1277 1309 1308
f 1277 1278 1310 1309
f 1278 1279 1311 1310
f 1279 1280 1312 1311
f 1280 1281 1313 1312
f 1281 1282 1314 1313
f 1282 1283 1315 1314
f 1283 1284 1316 1315
f 1284 1285 1317 1316
f 1285 1286 1318 1317
f 1286 1287 1319 1318
f 1287 1288 1320 1319
f 1288 1257 1289 1320
f 1288 1287 1286 1285 1284 1283 1282 1281 1280 1279 1278 1277 1276 1275 1274 1273 1272 1271 1270 1269 1268 1267 1266 1265 1264 1263 1262 1261 1260 1259 1258 1257
f 1289 1290 1291 1292 1293 1294 1295 1296 1297 1298 1299 1300 1301 1302 1303 1304 1305 1306 1307 1308 1309 1310 1311 1312 1313 1314 1315 1316 1317 1318 1319 1320
v -738.5 280.0 -860.0
v -738.5 322.7 -865.6
v -738.5 362.5 -882.1
v -738.5 396.7 -908.3
v -738.5 422.9 -942.5
v -738.5 439.4 -982.3
v -738.5 445.0 -1025.0
v -738.5 439.4 -1067.7
v -738.5 422.9 -1107.5
v -738.5 396.7 -1141.7
v -738.5 362.5 -1167.9
v -738.5 322.7 -1184.4
v -738.5 280.0 -1190.0
v -738.5 237.3 -1184.4
v -738.5 197.5 -1167.9
v -738.5 163.3 -1141.7
v -738.5 137.1 -1107.5
v -738.5 120.6 -1067.7
v -738.5 115.0 -1025.0
v -738.5 120.6 -982.3
v -738.5 137.1 -942.5
v -738.5 163.3 -908.3
v -738.5 197.5 -882.1
v -738.5 237.3 -865.6
v -561.5 280.0 -860.0
v -561.5 322.7 -865.6
v -561.5 362.5 -882.1
v -561.5 396.7 -908.3
v -561.5 422.9 -942.5
v -561.5 439.4 -982.3
v -561.5 445.0 -1025.0
v -561.5 439.4 -1067.7
v -561.5 422.9 -1107.5
v -561.5 396.7 -1141.7
v -561.5 362.5 -1167.9
v -561.5 322.7 -1184.4
v -561.5 280.0 -1190.0
v -561.5 237.3 -1184.4
v -561.5 197.5 -1167.9
v -561.5 163.3 -1141.7
v -561.5 137.1 -1107.5
v -561.5 120.6 -1067.7
v -561.5 115.0 -1025.0
v -561.5 120.6 -982.3
v -561.5 137.1 -942.5
v -561.5 163.3 -908.3
v -561.5 197.5 -882.1
v -561.5 237.3 -865.6
f 1321 1322 1346 1345
f 1322 1323 1347 1346
f 1323 1324 1348 1347
f 1324 1325 1349 1348
f 1325 1326 1350 1349
f 1326 1327 1351 1350
f 1327 1328 1352 1351
f 1328 1329 1353 1352
f 1329 1330 1354 1353
f 1330 1331 1355 1354
f 1331 1332 1356 1355
f 1332 1333 1357 1356
f 1333 1334 1358 1357
f 1334 1335 1359 1358
f 1335 1336 1360 1359
f 1336 1337 1361 1360
f 1337 1338 1362 1361
f 1338 1339 1363 1362
f 1339 1340 1364 1363
f 1340 1341 1365 1364
f 1341 1342 1366 1365
f 1342 1343 1367 1366
f 1343 1344 1368 1367
f 1344 1321 1345 1368
f 1344 1343 1342 1341 1340 1339 1338 1337 1336 1335 1334 1333 1332 1331 1330 1329 1328 1327 1326 1325 1324 1323 1322 1321
f 1345 1346 1347 1348 1349 1350 1351 1352 1353 1354 1355 1356 1357 1358 1359 1360 1361 1362 1363 1364 1365 1366 1367 1368
v 198.3 215.2 1131.4
v 207.2 215.2 1160.0
v 211.7 244.8 1158.6
v 202.8 244.8 1130.0
v 588.3 150.2 1011.4
v 597.2 150.2 1040.0
v 601.7 179.8 1038.6
v 592.8 179.8 1010.0
f 1369 1370 1374 1373
f 1370 1371 1375 1374
f 1371 1372 1376 1375
f 1372 1369 1373 1376
f 1372 1371 1370 1369
f 1373 1374 1375 1376
v 207.2 215.2 890.0
v 198.3 215.2 918.6
v 202.8 244.8 920.0
v 211.7 244.8 891.4
v 597.2 150.2 1010.0
v 588.3 150.2 1038.6
v 592.8 179.8 1040.0
v 601.7 179.8 1011.4
f 1377 1378 1382 1381
f 1378 1379 1383 1382
f 1379 1380 1384 1383
f 1380 1377 1381 1384
f 1380 1379 1378 1377
f 1381 1382 1383 1384
v 239.0 477.5 1119.0
v 249.5 477.5 1141.7
v 251.0 502.5 1141.0
v 240.5 502.5 1118.3
v 519.0 457.5 989.0
v 529.5 457.5 1011.7
v 531.0 482.5 1011.0
v 520.5 482.5 988.3
f 1385 1386 1390 1389
f 1386 1387 1391 1390
f 1387 1388 1392 1391
f 1388 1385 1389 1392
f 1388 1387 1386 1385
f 1389 1390 1391 1392
v 249.5 477.5 858.3
v 239.0 477.5 881.0
v 240.5 502.5 881.7
v 251.0 502.5 859.0
v 529.5 457.5 988.3
v 519.0 457.5 1011.0
v 520.5 482.5 1011.7
v 531.0 482.5 989.0
f 1393 1394 1398 1397
f 1394 1395 1399 1398
f 1395 1396 1400 1399
f 1396 1393 1397 1400
f 1396 1395 1394 1393
f 1397 1398 1399 1400
v 446.0 175.2 1067.0
v 471.0 175.2 1067.0
v 471.0 200.2 1067.0
v 446.0 200.2 1067.0
v 446.0 175.2 983.0
v 471.0 175.2 983.0
v 471.0 200.2 983.0
v 446.0 200.2 983.0
f 1401 1402 1406 1405
f 1402 1403 1407 1406
f 1403 1404 1408 1407
f 1404 1401 1405 1408
f 1404 1403 1402 1401
f 1405 1406 1407 1408
v 437.2 182.4 1022.0
v 437.2 182.4 978.0
v 479.8 193.1 978.0
v 479.8 193.1 1022.0
v 397.0 343.6 1022.0
v 397.0 343.6 978.0
v 439.7 354.2 978.0
v 439.7 354.2 1022.0
f 1409 1410 1414 1413
f 1410 1411 1415 1414
f 1411 1412 1416 1415
f 1412 1409 1413 1416
f 1412 1411 1410 1409
f 1413 1414 1415 1416
v 410.6 347.0 1008.0
v 410.6 347.0 992.0
v 426.1 350.9 992.0
v 426.1 350.9 1008.0
v 377.7 478.8 1008.0
v 377.7 478.8 992.0
v 393.2 482.7 992.0
v 393.2 482.7 1008.0
f 1417 1418 1422 1421
f 1418 1419 1423 1422
f 1419 1420 1424 1423
f 1420 1417 1421 1424
f 1420 1419 1418 1417
f 1421 1422 1423 1424
v 418.7 215.2 1032.0
v 418.7 215.2 968.0
v 480.8 230.7 968.0
v 480.8 230.7 1032.0
v 364.6 432.0 1032.0
v 364.6 432.0 968.0
v 426.7 447.5 968.0
v 426.7 447.5 1032.0
f 1425 1426 1430 1429
f 1426 1427 1431 1430
f 1427 1428 1432 1431
f 1428 1425 1429 1432
f 1428 1427 1426 1425
f 1429 1430 1431 1432
v 570.4 169.3 1050.0
v 570.4 169.3 1000.0
v 619.6 160.7 1000.0
v 619.6 160.7 1050.0
v 590.4 284.3 1050.0
v 590.4 284.3 1000.0
v 639.6 275.7 1000.0
v 639.6 275.7 1050.0
f 1433 1434 1438 1437
f 1434 1435 1439 1438
f 1435 1436 1440 1439
f 1436 1433 1437 1440
f 1436 1435 1434 1433
f 1437 1438 1439 1440
v 598.3 264.9 1047.5
v 598.3 264.9 1002.5
v 631.7 295.1 1002.5
v 631.7 295.1 1047.5
v 508.3 364.9 1047.5
v 508.3 364.9 1002.5
v 541.7 395.1 1002.5
v 541.7 395.1 1047.5
f 1441 1442 1446 1445
f 1442 1443 1447 1446
f 1443 1444 1448 1447
f 1444 1441 1445 1448
f 1444 1443 1442 1441
f 1445 1446 1447 1448
v 491.0 329.1 1044.6
v 491.0 323.1 1005.1
v 545.0 320.9 1005.4
v 545.0 326.9 1044.9
v 498.0 494.1 1019.6
v 498.0 488.1 980.1
v 552.0 485.9 980.4
v 552.0 491.9 1019.9
f 1449 1450 1454 1453
f 1450 1451 1455 1454
f 1451 1452 1456 1455
f 1452 1449 1453 1456
f 1452 1451 1450 1449
f 1453 1454 1455 1456
v 530.6 389.0 1008.3
v 551.6 389.0 1001.7
v 551.6 411.0 1001.7
v 530.6 411.0 1008.3
v 498.9 389.0 908.3
v 519.9 389.0 901.7
v 519.9 411.0 901.7
v 498.9 411.0 908.3
f 1457 1458 1462 1461
f 1458 1459 1463 1462
f 1459 1460 1464 1463
f 1460 1457 1461 1464
f 1460 1459 1458 1457
f 1461 1462 1463 1464
v 214.1 419.7 897.0
v 214.1 419.7 913.0
v 215.6 435.6 913.0
v 215.6 435.6 897.0
v 508.6 392.0 897.0
v 508.6 392.0 913.0
v 510.1 408.0 913.0
v 510.1 408.0 897.0
f 1465 1466 1470 1469
f 1466 1467 1471 1470
f 1467 1468 1472 1471
f 1468 1465 1469 1472
f 1468 1467 1466 1465
f 1469 1470 1471 1472
v 605.0 280.0 1070.0
v 605.0 293.9 1067.8
v 605.0 306.5 1061.4
v 605.0 316.4 1051.5
v 605.0 322.8 1038.9
v 605.0 325.0 1025.0
v 605.0 322.8 1011.1
v 605.0 316.4 998.5
v 605.0 306.5 988.6
v 605.0 293.9 982.2
v 605.0 280.0 980.0
v 605.0 266.1 982.2
v 605.0 253.5 988.6
v 605.0 243.6 998.5
v 605.0 237.2 1011.1
v 605.0 235.0 1025.0
v 605.0 237.2 1038.9
v 605.0 243.6 1051.5
v 605.0 253.5 1061.4
v 605.0 266.1 1067.8
v 685.0 280.0 1070.0
v 685.0 293.9 1067.8
v 685.0 306.5 1061.4
v 685.0 316.4 1051.5
v 685.0 322.8 1038.9
v 685.0 325.0 1025.0
v 685.0 322.8 1011.1
v 685.0 316.4 998.5
v 685.0 306.5 988.6
v 685.0 293.9 982.2
v 685.0 280.0 980.0
v 685.0 266.1 982.2
v 685.0 253.5 988.6
v 685.0 243.6 998.5
v 685.0 237.2 1011.1
v 685.0 235.0 1025.0
v 685.0 237.2 1038.9
v 685.0 243.6 1051.5
v 685.0 253.5 1061.4
v 685.0 266.1 1067.8
f 1473 1474 1494 1493
f 1474 1475 1495 1494
f 1475 1476 1496 1495
f 1476 1477 1497 1496
f 1477 1478 1498 1497
f 1478 1479 1499 1498
f 1479 1480 1500 1499
f 1480 1481 1501 1500
f 1481 1482 1502 1501
f 1482 1483 1503 1502
f 1483 1484 1504 1503
f 1484 1485 1505 1504
f 1485 1486 1506 1505
f 1486 1487 1507 1506
f 1487 1488 1508 1507
f 1488 1489 1509 1508
f 1489 1490 1510 1509
f 1490 1491 1511 1510
f 1491 1492 1512 1511
f 1492 1473 1493 1512
f 1492 1491 1490 1489 1488 1487 1486 1485 1484 1483 1482 1481 1480 1479 1478 1477 1476 1475 1474 1473
f 1493 1494 1495 1496 1497 1498 1499 1500 1501 1502 1503 1504 1505 1506 1507 1508 1509 1510 1511 1512
v 673.0 280.0 1144.0
v 673.0 303.2 1141.7
v 673.0 325.5 1134.9
v 673.0 346.1 1123.9
v 673.0 364.1 1109.1
v 673.0 378.9 1091.1
v 673.0 389.9 1070.5
v 673.0 396.7 1048.2
v 673.0 399.0 1025.0
v 673.0 396.7 1001.8
v 673.0 389.9 979.5
v 673.0 378.9 958.9
v 673.0 364.1 940.9
v 673.0 346.1 926.1
v 673.0 325.5 915.1
v 673.0 303.2 908.3
v 673.0 280.0 906.0
v 673.0 256.8 908.3
v 673.0 234.5 915.1
v 673.0 213.9 926.1
v 673.0 195.9 940.9
v 673.0 181.1 958.9
v 673.0 170.1 979.5
v 673.0 163.3 1001.8
v 673.0 161.0 1025.0
v 673.0 163.3 1048.2
v 673.0 170.1 1070.5
v 673.0 181.1 1091.1
v 673.0 195.9 1109.1
v 673.0 213.9 1123.9
v 673.0 234.5 1134.9
v 673.0 256.8 1141.7
v 685.0 280.0 1144.0
v 685.0 303.2 1141.7
v 685.0 325.5 1134.9
v 685.0 346.1 1123.9
v 685.0 364.1 1109.1
v 685.0 378.9 1091.1
v 685.0 389.9 1070.5
v 685.0 396.7 1048.2
v 685.0 399.0 1025.0
v 685.0 396.7 1001.8
v 685.0 389.9 979.5
v 685.0 378.9 958.9
v 685.0 364.1 940.9
v 685.0 346.1 926.1
v 685.0 325.5 915.1
v 685.0 303.2 908.3
v 685.0 280.0 906.0
v 685.0 256.8 908.3
v 685.0 234.5 915.1
v 685.0 213.9 926.1
v 685.0 195.9 940.9
v 685.0 181.1 958.9
v 685.0 170.1 979.5
v 685.0 163.3 1001.8
v 685.0 161.0 1025.0
v 685.0 163.3 1048.2
v 685.0 170.1 1070.5
v 685.0 181.1 1091.1
v 685.0 195.9 1109.1
v 685.0 213.9 1123.9
v 685.0 234.5 1134.9
v 685.0 256.8 1141.7
f 1513 1514 1546 1545
f 1514 1515 1547 1546
f 1515 1516 1548 1547
f 1516 1517 1549 1548
f 1517 1518 1550 1549
f 1518 1519 1551 1550
f 1519 1520 1552 1551
f 1520 1521 1553 1552
f 1521 1522 1554 1553
f 1522 1523 1555 1554
f 1523 1524 1556 1555
f 1524 1525 1557 1556
f 1525 1526 1558 1557
f 1526 1527 1559 1558
f 1527 1528 1560 1559
f 1528 1529 1561 1560
f 1529 1530 1562 1561
f 1530 1531 1563 1562
f 1531 1532 1564 1563
f 1532 1533 1565 1564
f 1533 1534 1566 1565
f 1534 1535 1567 1566
f 1535 1536 1568 1567
f 1536 1537 1569 1568
f 1537 1538 1570 1569
f 1538 1539 1571 1570
f 1539 1540 1572 1571
f 1540 1541 1573 1572
f 1541 1542 1574 1573
f 1542 1543 1575 1574
f 1543 1544 1576 1575
f 1544 1513 1545 1576
f 1544 1543 1542 1541 1540 1539 1538 1537 1536 1535 1534 1533 1532 1531 1530 1529 1528 1527 1526 1525 1524 1523 1522 1521 1520 1519 1518 1517 1516 1515 1514 1513
f 1545 1546 1547 1548 1549 1550 1551 1552 1553 1554 1555 1556 1557 1558 1559 1560 1561 1562 1563 1564 1565 1566 1567 1568 1569 1570 1571 1572 1573 1574 1575 1576
v 704.0 350.0 930.0
v 654.0 350.0 930.0
v 654.0 400.0 930.0
v 704.0 400.0 930.0
v 704.0 350.0 1000.0
v 654.0 350.0 1000.0
v 654.0 400.0 1000.0
v 704.0 400.0 1000.0
f 1577 1578 1582 1581
f 1578 1579 1583 1582
f 1579 1580 1584 1583
f 1580 1577 1581 1584
f 1580 1579 1578 1577
f 1581 1582 1583 1584
v 562.5 280.0 1314.0
v 562.5 336.4 1308.4
v 562.5 390.6 1292.0
v 562.5 440.6 1265.3
v 562.5 484.4 1229.4
v 562.5 520.3 1185.6
v 562.5 547.0 1135.6
v 562.5 563.4 1081.4
v 562.5 569.0 1025.0
v 562.5 563.4 968.6
v 562.5 547.0 914.4
v 562.5 520.3 864.4
v 562.5 484.4 820.6
v 562.5 440.6 784.7
v 562.5 390.6 758.0
v 562.5 336.4 741.6
v 562.5 280.0 736.0
v 562.5 223.6 741.6
v 562.5 169.4 758.0
v 562.5 119.4 784.7
v 562.5 75.6 820.6
v 562.5 39.7 864.4
v 562.5 13.0 914.4
v 562.5 -3.4 968.6
v 562.5 -9.0 1025.0
v 562.5 -3.4 1081.4
v 562.5 13.0 1135.6
v 562.5 39.7 1185.6
v 562.5 75.6 1229.4
v 562.5 119.4 1265.3
v 562.5 169.4 1292.0
v 562.5 223.6 1308.4
v 737.5 280.0 1314.0
v 737.5 336.4 1308.4
v 737.5 390.6 1292.0
v 737.5 440.6 1265.3
v 737.5 484.4 1229.4
v 737.5 520.3 1185.6
v 737.5 547.0 1135.6
v 737.5 563.4 1081.4
v 737.5 569.0 1025.0
v 737.5 563.4 968.6
v 737.5 547.0 914.4
v 737.5 520.3 864.4
v 737.5 484.4 820.6
v 737.5 440.6 784.7
v 737.5 390.6 758.0
v 737.5 336.4 741.6
v 737.5 280.0 736.0
v 737.5 223.6 741.6
v 737.5 169.4 758.0
v 737.5 119.4 784.7
v 737.5 75.6 820.6
v 737.5 39.7 864.4
v 737.5 13.0 914.4
v 737.5 -3.4 968.6
v 737.5 -9.0 1025.0
v 737.5 -3.4 1081.4
v 737.5 13.0 1135.6
v 737.5 39.7 1185.6
v 737.5 75.6 1229.4
v 737.5 119.4 1265.3
v 737.5 169.4 1292.0
v 737.5 223.6 1308.4
f 1585 1586 1618 1617
f 1586 1587 1619 1618
f 1587 1588 1620 1619
f 1588 1589 1621 1620
f 1589 1590 1622 1621
f 1590 1591 1623 1622
f 1591 1592 1624 1623
f 1592 1593 1625 1624
f 1593 1594 1626 1625
f 1594 1595 1627 1626
f 1595 1596 1628 1627
f 1596 1597 1629 1628
f 1597 1598 1630 1629
f 1598 1599 1631 1630
f 1599 1600 1632 1631
f 1600 1601 1633 1632
f 1601 1602 1634 1633
f 1602 1603 1635 1634
f 1603 1604 1636 1635
f 1604 1605 1637 1636
f 1605 1606 1638 1637
f 1606 1607 1639 1638
f 1607 1608 1640 1639
f 1608 1609 1641 1640
f 1609 1610 1642 1641
f 1610 1611 1643 1642
f 1611 1612 1644 1643
f 1612 1613 1645 1644
f 1613 1614 1646 1645
f 1614 1615 1647 1646
f 1615 1616 1648 1647
f 1616 1585 1617 1648
f 1616 1615 1614 1613 1612 1611 1610 1609 1608 1607 1606 1605 1604 1603 1602 1601 1600 1599 1598 1597 1596 1595 1594 1593 1592 1591 1590 1589 1588 1587 1586 1585
f 1617 1618 1619 1620 1621 1622 1623 1624 1625 1626 1627 1628 1629 1630 1631 1632 1633 1634 1635 1636 1637 1638 1639 1640 1641 1642 1643 1644 1645 1646 1647 1648
v 561.5 280.0 1190.0
v 561.5 322.7 1184.4
v 561.5 362.5 1167.9
v 561.5 396.7 1141.7
v 561.5 422.9 1107.5
v 561.5 439.4 1067.7
v 561.5 445.0 1025.0
v 561.5 439.4 982.3
v 561.5 422.9 942.5
v 561.5 396.7 908.3
v 561.5 362.5 882.1
v 561.5 322.7 865.6
v 561.5 280.0 860.0
v 561.5 237.3 865.6
v 561.5 197.5 882.1
v 561.5 163.3 908.3
v 561.5 137.1 942.5
v 561.5 120.6 982.3
v 561.5 115.0 1025.0
v 561.5 120.6 1067.7
v 561.5 137.1 1107.5
v 561.5 163.3 1141.7
v 561.5 197.5 1167.9
v 561.5 237.3 1184.4
v 738.5 280.0 1190.0
v 738.5 322.7 1184.4
v 738.5 362.5 1167.9
v 738.5 396.7 1141.7
v 738.5 422.9 1107.5
v 738.5 439.4 1067.7
v 738.5 445.0 1025.0
v 738.5 439.4 982.3
v 738.5 422.9 942.5
v 738.5 396.7 908.3
v 738.5 362.5 882.1
v 738.5 322.7 865.6
v 738.5 280.0 860.0
v 738.5 237.3 865.6
v 738.5 197.5 882.1
v 738.5 163.3 908.3
v 738.5 137.1 942.5
v 738.5 120.6 982.3
v 738.5 115.0 1025.0
v 738.5 120.6 1067.7
v 738.5 137.1 1107.5
v 738.5 163.3 1141.7
v 738.5 197.5 1167.9
v 738.5 237.3 1184.4
f 1649 1650 1674 1673
f 1650 1651 1675 1674
f 1651 1652 1676 1675
f 1652 1653 1677 1676
f 1653 1654 1678 1677
f 1654 1655 1679 1678
f 1655 1656 1680 1679
f 1656 1657 1681 1680
f 1657 1658 1682 1681
f 1658 1659 1683 1682
f 1659 1660 1684 1683
f 1660 1661 1685 1684
f 1661 1662 1686 1685
f 1662 1663 1687 1686
f 1663 1664 1688 1687
f 1664 1665 1689 1688
f 1665 1666 1690 1689
f 1666 1667 1691 1690
f 1667 1668 1692 1691
f 1668 1669 1693 1692
f 1669 1670 1694 1693
f 1670 1671 1695 1694
f 1671 1672 1696 1695
f 1672 1649 1673 1696
f 1672 1671 1670 1669 1668 1667 1666 1665 1664 1663 1662 1661 1660 1659 1658 1657 1656 1655 1654 1653 1652 1651 1650 1649
f 1673 1674 1675 1676 1677 1678 1679 1680 1681 1682 1683 1684 1685 1686 1687 1688 1689 1690 1691 1692 1693 1694 1695 1696
v 199.6 215.2 -959.2
v 205.6 215.2 -929.8
v 210.4 244.8 -930.8
v 204.4 244.8 -960.2
v 589.6 150.2 -1039.2
v 595.6 150.2 -1009.8
v 600.4 179.8 -1010.8
v 594.4 179.8 -1040.2
f 1697 1698 1702 1701
f 1698 1699 1703 1702
f 1699 1700 1704 1703
f 1700 1697 1701 1704
f 1700 1699 1698 1697
f 1701 1702 1703 1704
v 209.9 215.2 -1239.4
v 196.2 215.2 -1212.7
v 200.1 244.8 -1210.6
v 213.8 244.8 -1237.3
v 599.9 150.2 -1039.4
v 586.2 150.2 -1012.7
v 590.1 179.8 -1010.6
v 603.8 179.8 -1037.3
f 1705 1706 1710 1709
f 1706 1707 1711 1710
f 1707 1708 1712 1711
f 1708 1705 1709 1712
f 1708 1707 1706 1705
f 1709 1710 1711 1712
v 237.1 477.5 -834.8
v 251.7 477.5 -814.4
v 252.9 502.5 -815.2
v 238.3 502.5 -835.6
v 517.1 457.5 -1034.8
v 531.7 457.5 -1014.4
v 532.9 482.5 -1015.2
v 518.3 482.5 -1035.6
f 1713 1714 1718 1717
f 1714 1715 1719 1718
f 1715 1716 1720 1719
f 1716 1713 1717 1720
f 1716 1715 1714 1713
f 1717 1718 1719 1720
v 243.2 477.5 -1017.4
v 245.0 477.5 -992.5
v 246.8 502.5 -992.6
v 245.0 502.5 -1017.5
v 523.2 457.5 -1037.4
v 525.0 457.5 -1012.5
v 526.8 482.5 -1012.6
v 525.0 482.5 -1037.5
f 1721 1722 1726 1725
f 1722 1723 1727 1726
f 1723 1724 1728 1727
f 1724 1721 1725 1728
f 1724 1723 1722 1721
f 1725 1726 1727 1728
v 446.0 175.2 -997.0
v 471.0 175.2 -997.0
v 471.0 200.2 -997.0
v 446.0 200.2 -997.0
v 446.0 175.2 -1095.0
v 471.0 175.2 -1095.0
v 471.0 200.2 -1095.0
v 446.0 200.2 -1095.0
f 1729 1730 1734 1733
f 1730 1731 1735 1734
f 1731 1732 1736 1735
f 1732 1729 1733 1736
f 1732 1731 1730 1729
f 1733 1734 1735 1736
v 446.0 175.2 -1095.0
v 471.0 175.2 -1095.0
v 471.0 200.2 -1095.0
v 446.0 200.2 -1095.0
v 446.0 175.2 -1125.0
v 471.0 175.2 -1125.0
v 471.0 200.2 -1125.0
v 446.0 200.2 -1125.0
f 1737 1738 1742 1741
f 1738 1739 1743 1742
f 1739 1740 1744 1743
f 1740 1737 1741 1744
f 1740 1739 1738 1737
f 1741 1742 1743 1744
v 437.2 182.4 -1103.0
v 437.2 182.4 -1147.0
v 479.8 193.1 -1147.0
v 479.8 193.1 -1103.0
v 397.0 343.6 -1103.0
v 397.0 343.6 -1147.0
v 439.7 354.2 -1147.0
v 439.7 354.2 -1103.0
f 1745 1746 1750 1749
f 1746 1747 1751 1750
f 1747 1748 1752 1751
f 1748 1745 1749 1752
f 1748 1747 1746 1745
f 1749 1750 1751 1752
v 410.6 347.0 -1117.0
v 410.6 347.0 -1133.0
v 426.1 350.9 -1133.0
v 426.1 350.9 -1117.0
v 377.7 478.8 -1117.0
v 377.7 478.8 -1133.0
v 393.2 482.7 -1133.0
v 393.2 482.7 -1117.0
f 1753 1754 1758 1757
f 1754 1755 1759 1758
f 1755 1756 1760 1759
f 1756 1753 1757 1760
f 1756 1755 1754 1753
f 1757 1758 1759 1760
v 418.7 215.2 -1093.0
v 418.7 215.2 -1157.0
v 480.8 230.7 -1157.0
v 480.8 230.7 -1093.0
v 364.6 432.0 -1093.0
v 364.6 432.0 -1157.0
v 426.7 447.5 -1157.0
v 426.7 447.5 -1093.0
f 1761 1762 1766 1765
f 1762 1763 1767 1766
f 1763 1764 1768 1767
f 1764 1761 1765 1768
f 1764 1763 1762 1761
f 1765 1766 1767 1768
v 570.4 169.3 -1000.0
v 570.4 169.3 -1050.0
v 619.6 160.7 -1050.0
v 619.6 160.7 -1000.0
v 590.4 284.3 -1000.0
v 590.4 284.3 -1050.0
v 639.6 275.7 -1050.0
v 639.6 275.7 -1000.0
f 1769 1770 1774 1773
f 1770 1771 1775 1774
f 1771 1772 1776 1775
f 1772 1769 1773 1776
f 1772 1771 1770 1769
f 1773 1774 1775 1776
v 598.3 264.9 -1002.5
v 598.3 264.9 -1047.5
v 631.7 295.1 -1047.5
v 631.7 295.1 -1002.5
v 508.3 364.9 -1002.5
v 508.3 364.9 -1047.5
v 541.7 395.1 -1047.5
v 541.7 395.1 -1002.5
f 1777 1778 1782 1781
f 1778 1779 1783 1782
f 1779 1780 1784 1783
f 1780 1777 1781 1784
f 1780 1779 1778 1777
f 1781 1782 1783 1784
v 491.0 326.1 -1005.0
v 491.0 326.1 -1045.0
v 545.0 323.9 -1045.0
v 545.0 323.9 -1005.0
v 498.0 491.1 -1005.0
v 498.0 491.1 -1045.0
v 552.0 488.9 -1045.0
v 552.0 488.9 -1005.0
f 1785 1786 1790 1789
f 1786 1787 1791 1790
f 1787 1788 1792 1791
f 1788 1785 1789 1792
f 1788 1787 1786 1785
f 1789 1790 1791 1792
v 551.6 389.0 -1001.7
v 530.6 389.0 -1008.3
v 530.6 411.0 -1008.3
v 551.6 411.0 -1001.7
v 519.9 389.0 -901.7
v 498.9 389.0 -908.3
v 498.9 411.0 -908.3
v 519.9 411.0 -901.7
f 1793 1794 1798 1797
f 1794 1795 1799 1798
f 1795 1796 1800 1799
f 1796 1793 1797 1800
f 1796 1795 1794 1793
f 1797 1798 1799 1800
v 214.1 419.7 -913.0
v 214.1 419.7 -897.0
v 215.6 435.6 -897.0
v 215.6 435.6 -913.0
v 508.6 392.0 -913.0
v 508.6 392.0 -897.0
v 510.1 408.0 -897.0
v 510.1 408.0 -913.0
f 1801 1802 1806 1805
f 1802 1803 1807 1806
f 1803 1804 1808 1807
f 1804 1801 1805 1808
f 1804 1803 1802 1801
f 1805 1806 1807 1808
v 605.0 280.0 -980.0
v 605.0 293.9 -982.2
v 605.0 306.5 -988.6
v 605.0 316.4 -998.5
v 605.0 322.8 -1011.1
v 605.0 325.0 -1025.0
v 605.0 322.8 -1038.9
v 605.0 316.4 -1051.5
v 605.0 306.5 -1061.4
v 605.0 293.9 -1067.8
v 605.0 280.0 -1070.0
v 605.0 266.1 -1067.8
v 605.0 253.5 -1061.4
v 605.0 243.6 -1051.5
v 605.0 237.2 -1038.9
v 605.0 235.0 -1025.0
v 605.0 237.2 -1011.1
v 605.0 243.6 -998.5
v 605.0 253.5 -988.6
v 605.0 266.1 -982.2
v 685.0 280.0 -980.0
v 685.0 293.9 -982.2
v 685.0 306.5 -988.6
v 685.0 316.4 -998.5
v 685.0 322.8 -1011.1
v 685.0 325.0 -1025.0
v 685.0 322.8 -1038.9
v 685.0 316.4 -1051.5
v 685.0 306.5 -1061.4
v 685.0 293.9 -1067.8
v 685.0 280.0 -1070.0
v 685.0 266.1 -1067.8
v 685.0 253.5 -1061.4
v 685.0 243.6 -1051.5
v 685.0 237.2 -1038.9
v 685.0 235.0 -1025.0
v 685.0 237.2 -1011.1
v 685.0 243.6 -998.5
v 685.0 253.5 -988.6
v 685.0 266.1 -982.2
f 1809 1810 1830 1829
f 1810 1811 1831 1830
f 1811 1812 1832 1831
f 1812 1813 1833 1832
f 1813 1814 1834 1833
f 1814 1815 1835 1834
f 1815 1816 1836 1835
f 1816 1817 1837 1836
f 1817 1818 1838 1837
f 1818 1819 1839 1838
f 1819 1820 1840 1839
f 1820 1821 1841 1840
f 1821 1822 1842 1841
f 1822 1823 1843 1842
f 1823 1824 1844 1843
f 1824 1825 1845 1844
f 1825 1826 1846 1845
f 1826 1827 1847 1846
f 1827 1828 1848 1847
f 1828 1809 1829 1848
f 1828 1827 1826 1825 1824 1823 1822 1821 1820 1819 1818 1817 1816 1815 1814 1813 1812 1811 1810 1809
f 1829 1830 1831 1832 1833 1834 1835 1836 1837 1838 1839 1840 1841 1842 1843 1844 1845 1846 1847 1848
v 673.0 280.0 -906.0
v 673.0 303.2 -908.3
v 673.0 325.5 -915.1
v 673.0 346.1 -926.1
v 673.0 364.1 -940.9
v 673.0 378.9 -958.9
v 673.0 389.9 -979.5
v 673.0 396.7 -1001.8
v 673.0 399.0 -1025.0
v 673.0 396.7 -1048.2
v 673.0 389.9 -1070.5
v 673.0 378.9 -1091.1
v 673.0 364.1 -1109.1
v 673.0 346.1 -1123.9
v 673.0 325.5 -1134.9
v 673.0 303.2 -1141.7
v 673.0 280.0 -1144.0
v 673.0 256.8 -1141.7
v 673.0 234.5 -1134.9
v 673.0 213.9 -1123.9
v 673.0 195.9 -1109.1
v 673.0 181.1 -1091.1
v 673.0 170.1 -1070.5
v 673.0 163.3 -1048.2
v 673.0 161.0 -1025.0
v 673.0 163.3 -1001.8
v 673.0 170.1 -979.5
v 673.0 181.1 -958.9
v 673.0 195.9 -940.9
v 673.0 213.9 -926.1
v 673.0 234.5 -915.1
v 673.0 256.8 -908.3
v 685.0 280.0 -906.0
v 685.0 303.2 -908.3
v 685.0 325.5 -915.1
v 685.0 346.1 -926.1
v 685.0 364.1 -940.9
v 685.0 378.9 -958.9
v 685.0 389.9 -979.5
v 685.0 396.7 -1001.8
v 685.0 399.0 -1025.0
v 685.0 396.7 -1048.2
v 685.0 389.9 -1070.5
v 685.0 378.9 -1091.1
v 685.0 364.1 -1109.1
v 685.0 346.1 -1123.9
v 685.0 325.5 -1134.9
v 685.0 303.2 -1141.7
v 685.0 280.0 -1144.0
v 685.0 256.8 -1141.7
v 685.0 234.5 -1134.9
v 685.0 213.9 -1123.9
v 685.0 195.9 -1109.1
v 685.0 181.1 -1091.1
v 685.0 170.1 -1070.5
v 685.0 163.3 -1048.2
v 685.0 161.0 -1025.0
v 685.0 163.3 -1001.8
v 685.0 170.1 -979.5
v 685.0 181.1 -958.9
v 685.0 195.9 -940.9
v 685.0 213.9 -926.1
v 685.0 234.5 -915.1
v 685.0 256.8 -908.3
f 1849 1850 1882 1881
f 1850 1851 1883 1882
f 1851 1852 1884 1883
f 1852 1853 1885 1884
f 1853 1854 1886 1885
f 1854 1855 1887 1886
f 1855 1856 1888 1887
f 1856 1857 1889 1888
f 1857 1858 1890 1889
f 1858 1859 1891 1890
f 1859 1860 1892 1891
f 1860 1861 1893 1892
f 1861 1862 1894 1893
f 1862 1863 1895 1894
f 1863 1864 1896 1895
f 1864 1865 1897 1896
f 1865 1866 1898 1897
f 1866 1867 1899 1898
f 1867 1868 1900 1899
f 1868 1869 1901 1900
f 1869 1870 1902 1901
f 1870 1871 1903 1902
f 1871 1872 1904 1903
f 1872 1873 1905 1904
f 1873 1874 1906 1905
f 1874 1875 1907 1906
f 1875 1876 1908 1907
f 1876 1877 1909 1908
f 1877 1878 1910 1909
f 1878 1879 1911 1910
f 1879 1880 1912 1911
f 1880 1849 1881 1912
f 1880 1879 1878 1877 1876 1875 1874 1873 1872 1871 1870 1869 1868 1867 1866 1865 1864 1863 1862 1861 1860 1859 1858 1857 1856 1855 1854 1853 1852 1851 1850 1849
f 1881 1882 1883 1884 1885 1886 1887 1888 1889 1890 1891 1892 1893 1894 1895 1896 1897 1898 1899 1900 1901 1902 1903 1904 1905 1906 1907 1908 1909 1910 1911 1912
v 704.0 350.0 -1120.0
v 654.0 350.0 -1120.0
v 654.0 400.0 -1120.0
v 704.0 400.0 -1120.0
v 704.0 350.0 -1050.0
v 654.0 350.0 -1050.0
v 654.0 400.0 -1050.0
v 704.0 400.0 -1050.0
f 1913 1914 1918 1917
f 1914 1915 1919 1918
f 1915 1916 1920 1919
f 1916 1913 1917 1920
f 1916 1915 1914 1913
f 1917 1918 1919 1920
v 562.5 280.0 -736.0
v 562.5 336.4 -741.6
v 562.5 390.6 -758.0
v 562.5 440.6 -784.7
v 562.5 484.4 -820.6
v 562.5 520.3 -864.4
v 562.5 547.0 -914.4
v 562.5 563.4 -968.6
v 562.5 569.0 -1025.0
v 562.5 563.4 -1081.4
v 562.5 547.0 -1135.6
v 562.5 520.3 -1185.6
v 562.5 484.4 -1229.4
v 562.5 440.6 -1265.3
v 562.5 390.6 -1292.0
v 562.5 336.4 -1308.4
v 562.5 280.0 -1314.0
v 562.5 223.6 -1308.4
v 562.5 169.4 -1292.0
v 562.5 119.4 -1265.3
v 562.5 75.6 -1229.4
v 562.5 39.7 -1185.6
v 562.5 13.0 -1135.6
v 562.5 -3.4 -1081.4
v 562.5 -9.0 -1025.0
v 562.5 -3.4 -968.6
v 562.5 13.0 -914.4
v 562.5 39.7 -864.4
v 562.5 75.6 -820.6
v 562.5 119.4 -784.7
v 562.5 169.4 -758.0
v 562.5 223.6 -741.6
v 737.5 280.0 -736.0
v 737.5 336.4 -741.6
v 737.5 390.6 -758.0
v 737.5 440.6 -784.7
v 737.5 484.4 -820.6
v 737.5 520.3 -864.4
v 737.5 547.0 -914.4
v 737.5 563.4 -968.6
v 737.5 569.0 -1025.0
v 737.5 563.4 -1081.4
v 737.5 547.0 -1135.6
v 737.5 520.3 -1185.6
v 737.5 484.4 -1229.4
v 737.5 440.6 -1265.3
v 737.5 390.6 -1292.0
v 737.5 336.4 -1308.4
v 737.5 280.0 -1314.0
v 737.5 223.6 -1308.4
v 737.5 169.4 -1292.0
v 737.5 119.4 -1265.3
v 737.5 75.6 -1229.4
v 737.5 39.7 -1185.6
v 737.5 13.0 -1135.6
v 737.5 -3.4 -1081.4
v 737.5 -9.0 -1025.0
v 737.5 -3.4 -968.6
v 737.5 13.0 -914.4
v 737.5 39.7 -864.4
v 737.5 75.6 -820.6
v 737.5 119.4 -784.7
v 737.5 169.4 -758.0
v 737.5 223.6 -741.6
f 1921 1922 1954 1953
f 1922 1923 1955 1954
f 1923 1924 1956 1955
f 1924 1925 1957 1956
f 1925 1926 1958 1957
f 1926 1927 1959 1958
f 1927 1928 1960 1959
f 1928 1929 1961 1960
f 1929 1930 1962 1961
f 1930 1931 1963 1962
f 1931 1932 1964 1963
f 1932 1933 1965 1964
f 1933 1934 1966 1965
f 1934 1935 1967 1966
f 1935 1936 1968 1967
f 1936 1937 1969 1968
f 1937 1938 1970 1969
f 1938 1939 1971 1970
f 1939 1940 1972 1971
f 1940 1941 1973 1972
f 1941 1942 1974 1973
f 1942 1943 1975 1974
f 1943 1944 1976 1975
f 1944 1945 1977 1976
f 1945 1946 1978 1977
f 1946 1947 1979 1978
f 1947 1948 1980 1979
f 1948 1949 1981 1980
f 1949 1950 1982 1981
f 1950 1951 1983 1982
f 1951 1952 1984 1983
f 1952 1921 1953 1984
f 1952 1951 1950 1949 1948 1947 1946 1945 1944 1943 1942 1941 1940 1939 1938 1937 1936 1935 1934 1933 1932 1931 1930 1929 1928 1927 1926 1925 1924 1923 1922 1921
f 1953 1954 1955 1956 1957 1958 1959 1960 1961 1962 1963 1964 1965 1966 1967 1968 1969 1970 1971 1972 1973 1974 1975 1976 1977 1978 1979 1980 1981 1982 1983 1984
v 561.5 280.0 -860.0
v 561.5 322.7 -865.6
v 561.5 362.5 -882.1
v 561.5 396.7 -908.3
v 561.5 422.9 -942.5
v 561.5 439.4 -982.3
v 561.5 445.0 -1025.0
v 561.5 439.4 -1067.7
v 561.5 422.9 -1107.5
v 561.5 396.7 -1141.7
v 561.5 362.5 -1167.9
v 561.5 322.7 -1184.4
v 561.5 280.0 -1190.0
v 561.5 237.3 -1184.4
v 561.5 197.5 -1167.9
v 561.5 163.3 -1141.7
v 561.5 137.1 -1107.5
v 561.5 120.6 -1067.7
v 561.5 115.0 -1025.0
v 561.5 120.6 -982.3
v 561.5 137.1 -942.5
v 561.5 163.3 -908.3
v 561.5 197.5 -882.1
v 561.5 237.3 -865.6
v 738.5 280.0 -860.0
v 738.5 322.7 -865.6
v 738.5 362.5 -882.1
v 738.5 396.7 -908.3
v 738.5 422.9 -942.5
v 738.5 439.4 -982.3
v 738.5 445.0 -1025.0
v 738.5 439.4 -1067.7
v 738.5 422.9 -1107.5
v 738.5 396.7 -1141.7
v 738.5 362.5 -1167.9
v 738.5 322.7 -1184.4
v 738.5 280.0 -1190.0
v 738.5 237.3 -1184.4
v 738.5 197.5 -1167.9
v 738.5 163.3 -1141.7
v 738.5 137.1 -1107.5
v 738.5 120.6 -1067.7
v 738.5 115.0 -1025.0
v 738.5 120.6 -982.3
v 738.5 137.1 -942.5
v 738.5 163.3 -908.3
v 738.5 197.5 -882.1
v 738.5 237.3 -865.6
f 1985 1986 2010 2009
f 1986 1987 2011 2010
f 1987 1988 2012 2011
f 1988 1989 2013 2012
f 1989 1990 2014 2013
f 1990 1991 2015 2014
f 1991 1992 2016 2015
f 1992 1993 2017 2016
f 1993 1994 2018 2017
f 1994 1995 2019 2018
f 1995 1996 2020 2019
f 1996 1997 2021 2020
f 1997 1998 2022 2021
f 1998 1999 2023 2022
f 1999 2000 2024 2023
f 2000 2001 2025 2024
f 2001 2002 2026 2025
f 2002 2003 2027 2026
f 2003 2004 2028 2027
f 2004 2005 2029 2028
f 2005 2006 2030 2029
f 2006 2007 2031 2030
f 2007 2008 2032 2031
f 2008 1985 2009 2032
f 2008 2007 2006 2005 2004 2003 2002 2001 2000 1999 1998 1997 1996 1995 1994 1993 1992 1991 1990 1989 1988 1987 1986 1985
f 2009 2010 2011 2012 2013 2014 2015 2016 2017 2018 2019 2020 2021 2022 2023 2024 2025 2026 2027 2028 2029 2030 2031 2032
v -189.9 427.6 927.0
v -189.9 434.4 925.9
v -189.9 440.6 922.8
v -189.9 445.4 917.9
v -189.9 448.5 911.8
v -189.9 449.6 905.0
v -189.9 448.5 898.2
v -189.9 445.4 892.1
v -189.9 440.6 887.2
v -189.9 434.4 884.1
v -189.9 427.6 883.0
v -189.9 420.8 884.1
v -189.9 414.7 887.2
v -189.9 409.8 892.1
v -189.9 406.7 898.2
v -189.9 405.6 905.0
v -189.9 406.7 911.8
v -189.9 409.8 917.9
v -189.9 414.7 922.8
v -189.9 420.8 925.9
v 189.9 427.6 927.0
v 189.9 434.4 925.9
v 189.9 440.6 922.8
v 189.9 445.4 917.9
v 189.9 448.5 911.8
v 189.9 449.6 905.0
v 189.9 448.5 898.2
v 189.9 445.4 892.1
v 189.9 440.6 887.2
v 189.9 434.4 884.1
v 189.9 427.6 883.0
v 189.9 420.8 884.1
v 189.9 414.7 887.2
v 189.9 409.8 892.1
v 189.9 406.7 898.2
v 189.9 405.6 905.0
v 189.9 406.7 911.8
v 189.9 409.8 917.9
v 189.9 414.7 922.8
v 189.9 420.8 925.9
f 2033 2034 2054 2053
f 2034 2035 2055 2054
f 2035 2036 2056 2055
f 2036 2037 2057 2056
f 2037 2038 2058 2057
f 2038 2039 2059 2058
f 2039 2040 2060 2059
f 2040 2041 2061 2060
f 2041 2042 2062 2061
f 2042 2043 2063 2062
f 2043 2044 2064 2063
f 2044 2045 2065 2064
f 2045 2046 2066 2065
f 2046 2047 2067 2066
f 2047 2048 2068 2067
f 2048 2049 2069 2068
f 2049 2050 2070 2069
f 2050 2051 2071 2070
f 2051 2052 2072 2071
f 2052 2033 2053 2072
f 2052 2051 2050 2049 2048 2047 2046 2045 2044 2043 2042 2041 2040 2039 2038 2037 2036 2035 2034 2033
f 2053 2054 2055 2056 2057 2058 2059 2060 2061 2062 2063 2064 2065 2066 2067 2068 2069 2070 2071 2072
v -120.9 388.7 893.5
v -101.7 388.7 887.7
v -99.1 406.5 896.5
v -118.3 406.5 902.3
v -210.9 551.1 593.5
v -191.7 551.1 587.7
v -189.1 568.9 596.5
v -208.3 568.9 602.3
f 2073 2074 2078 2077
f 2074 2075 2079 2078
f 2075 2076 2080 2079
f 2076 2073 2077 2080
f 2076 2075 2074 2073
f 2077 2078 2079 2080
v -210.5 550.7 593.2
v -190.8 550.7 589.7
v -189.5 569.3 596.8
v -209.2 569.3 600.3
v -270.5 680.7 263.2
v -250.8 680.7 259.7
v -249.5 699.3 266.8
v -269.2 699.3 270.3
f 2081 2082 2086 2085
f 2082 2083 2087 2086
f 2083 2084 2088 2087
f 2084 2081 2085 2088
f 2084 2083 2082 2081
f 2085 2086 2087 2088
v -270.2 680.8 261.5
v -250.2 680.8 260.5
v -249.8 699.2 268.5
v -269.8 699.2 269.5
v -285.2 810.8 -38.5
v -265.2 810.8 -39.5
v -264.8 829.2 -31.5
v -284.8 829.2 -30.5
f 2089 2090 2094 2093
f 2090 2091 2095 2094
f 2091 2092 2096 2095
f 2092 2089 2093 2096
f 2092 2091 2090 2089
f 2093 2094 2095 2096
v -450.0 815.8 -46.8
v -445.6 852.4 -60.0
v -432.7 887.2 -72.6
v -411.8 918.4 -83.9
v -384.1 944.4 -93.3
v -350.9 964.0 -100.4
v -313.9 976.2 -104.8
v -275.0 980.3 -106.3
v -236.1 976.2 -104.8
v -199.1 964.0 -100.4
v -165.9 944.4 -93.3
v -138.2 918.4 -83.9
v -117.3 887.2 -72.6
v -104.4 852.4 -60.0
v -100.0 815.8 -46.8
v -104.4 779.1 -33.5
v -117.3 744.3 -20.9
v -138.2 713.1 -9.6
v -165.9 687.1 -0.2
v -199.1 667.5 6.9
v -236.1 655.3 11.3
v -275.0 651.2 12.8
v -313.9 655.3 11.3
v -350.9 667.5 6.9
v -384.1 687.1 -0.2
v -411.8 713.1 -9.6
v -432.7 744.3 -20.9
v -445.6 779.1 -33.5
v -450.0 824.2 -23.2
v -445.6 860.9 -36.5
v -432.7 895.7 -49.1
v -411.8 926.9 -60.4
v -384.1 952.9 -69.8
v -350.9 972.5 -76.9
v -313.9 984.7 -81.3
v -275.0 988.8 -82.8
v -236.1 984.7 -81.3
v -199.1 972.5 -76.9
v -165.9 952.9 -69.8
v -138.2 926.9 -60.4
v -117.3 895.7 -49.1
v -104.4 860.9 -36.5
v -100.0 824.2 -23.3
v -104.4 787.6 -10.0
v -117.3 752.8 2.6
v -138.2 721.6 13.9
v -165.9 695.6 23.3
v -199.1 676.0 30.4
v -236.1 663.8 34.8
v -275.0 659.7 36.3
v -313.9 663.8 34.8
v -350.9 676.0 30.4
v -384.1 695.6 23.3
v -411.8 721.6 13.9
v -432.7 752.8 2.6
v -445.6 787.6 -10.0
f 2097 2098 2126 2125
f 2098 2099 2127 2126
f 2099 2100 2128 2127
f 2100 2101 2129 2128
f 2101 2102 2130 2129
f 2102 2103 2131 2130
f 2103 2104 2132 2131
f 2104 2105 2133 2132
f 2105 2106 2134 2133
f 2106 2107 2135 2134
f 2107 2108 2136 2135
f 2108 2109 2137 2136
f 2109 2110 2138 2137
f 2110 2111 2139 2138
f 2111 2112 2140 2139
f 2112 2113 2141 2140
f 2113 2114 2142 2141
f 2114 2115 2143 2142
f 2115 2116 2144 2143
f 2116 2117 2145 2144
f 2117 2118 2146 2145
f 2118 2119 2147 2146
f 2119 2120 2148 2147
f 2120 2121 2149 2148
f 2121 2122 2150 2149
f 2122 2123 2151 2150
f 2123 2124 2152 2151
f 2124 2097 2125 2152
f 2124 2123 2122 2121 2120 2119 2118 2117 2116 2115 2114 2113 2112 2111 2110 2109 2108 2107 2106 2105 2104 2103 2102 2101 2100 2099 2098 2097
f 2125 2126 2127 2128 2129 2130 2131 2132 2133 2134 2135 2136 2137 2138 2139 2140 2141 2142 2143 2144 2145 2146 2147 2148 2149 2150 2151 2152
o batteries
v 160.0 325.0 -110.0
v -160.0 325.0 -110.0
v -160.0 545.0 -110.0
v 160.0 545.0 -110.0
v 160.0 325.0 310.0
v -160.0 325.0 310.0
v -160.0 545.0 310.0
v 160.0 545.0 310.0
f 2153 2154 2158 2157
f 2154 2155 2159 2158
f 2155 2156 2160 2159
f 2156 2153 2157 2160
f 2156 2155 2154 2153
f 2157 2158 2159 2160
v 170.0 310.0 -120.0
v -170.0 310.0 -120.0
v -170.0 320.0 -120.0
v 170.0 320.0 -120.0
v 170.0 310.0 320.0
v -170.0 310.0 320.0
v -170.0 320.0 320.0
v 170.0 320.0 320.0
f 2161 2162 2166 2165
f 2162 2163 2167 2166
f 2163 2164 2168 2167
f 2164 2161 2165 2168
f 2164 2163 2162 2161
f 2165 2166 2167 2168
v 160.0 325.0 -560.0
v -160.0 325.0 -560.0
v -160.0 545.0 -560.0
v 160.0 545.0 -560.0
v 160.0 325.0 -140.0
v -160.0 325.0 -140.0
v -160.0 545.0 -140.0
v 160.0 545.0 -140.0
f 2169 2170 2174 2173
f 2170 2171 2175 2174
f 2171 2172 2176 2175
f 2172 2169 2173 2176
f 2172 2171 2170 2169
f 2173 2174 2175 2176
v 170.0 310.0 -570.0
v -170.0 310.0 -570.0
v -170.0 320.0 -570.0
v 170.0 320.0 -570.0
v 170.0 310.0 -130.0
v -170.0 310.0 -130.0
v -170.0 320.0 -130.0
v 170.0 320.0 -130.0
f 2177 2178 2182 2181
f 2178 2179 2183 2182
f 2179 2180 2184 2183
f 2180 2177 2181 2184
f 2180 2179 2178 2177
f 2181 2182 2183 2184
o drivetrain
v -120.0 280.0 -925.0
v -120.0 310.9 -929.9
v -120.0 338.8 -944.1
v -120.0 360.9 -966.2
v -120.0 375.1 -994.1
v -120.0 380.0 -1025.0
v -120.0 375.1 -1055.9
v -120.0 360.9 -1083.8
v -120.0 338.8 -1105.9
v -120.0 310.9 -1120.1
v -120.0 280.0 -1125.0
v -120.0 249.1 -1120.1
v -120.0 221.2 -1105.9
v -120.0 199.1 -1083.8
v -120.0 184.9 -1055.9
v -120.0 180.0 -1025.0
v -120.0 184.9 -994.1
v -120.0 199.1 -966.2
v -120.0 221.2 -944.1
v -120.0 249.1 -929.9
v 120.0 280.0 -925.0
v 120.0 310.9 -929.9
v 120.0 338.8 -944.1
v 120.0 360.9 -966.2
v 120.0 375.1 -994.1
v 120.0 380.0 -1025.0
v 120.0 375.1 -1055.9
v 120.0 360.9 -1083.8
v 120.0 338.8 -1105.9
v 120.0 310.9 -1120.1
v 120.0 280.0 -1125.0
v 120.0 249.1 -1120.1
v 120.0 221.2 -1105.9
v 120.0 199.1 -1083.8
v 120.0 184.9 -1055.9
v 120.0 180.0 -1025.0
v 120.0 184.9 -994.1
v 120.0 199.1 -966.2
v 120.0 221.2 -944.1
v 120.0 249.1 -929.9
f 2185 2186 2206 2205
f 2186 2187 2207 2206
f 2187 2188 2208 2207
f 2188 2189 2209 2208
f 2189 2190 2210 2209
f 2190 2191 2211 2210
f 2191 2192 2212 2211
f 2192 2193 2213 2212
f 2193 2194 2214 2213
f 2194 2195 2215 2214
f 2195 2196 2216 2215
f 2196 2197 2217 2216
f 2197 2198 2218 2217
f 2198 2199 2219 2218
f 2199 2200 2220 2219
f 2200 2201 2221 2220
f 2201 2202 2222 2221
f 2202 2203 2223 2222
f 2203 2204 2224 2223
f 2204 2185 2205 2224
f 2204 2203 2202 2201 2200 2199 2198 2197 2196 2195 2194 2193 2192 2191 2190 2189 2188 2187 2186 2185
f 2205 2206 2207 2208 2209 2210 2211 2212 2213 2214 2215 2216 2217 2218 2219 2220 2221 2222 2223 2224
v 60.0 300.0 -1250.0
v -300.0 300.0 -1250.0
v -300.0 560.0 -1250.0
v 60.0 560.0 -1250.0
v 60.0 300.0 -1070.0
v -300.0 300.0 -1070.0
v -300.0 560.0 -1070.0
v 60.0 560.0 -1070.0
f 2225 2226 2230 2229
f 2226 2227 2231 2230
f 2227 2228 2232 2231
f 2228 2225 2229 2232
f 2228 2227 2226 2225
f 2229 2230 2231 2232
v 120.0 260.0 -1260.0
v 60.0 260.0 -1260.0
v 60.0 520.0 -1260.0
v 120.0 520.0 -1260.0
v 120.0 260.0 -1060.0
v 60.0 260.0 -1060.0
v 60.0 520.0 -1060.0
v 120.0 520.0 -1060.0
f 2233 2234 2238 2237
f 2234 2235 2239 2238
f 2235 2236 2240 2239
f 2236 2233 2237 2240
f 2236 2235 2234 2233
f 2237 2238 2239 2240
v 130.0 220.0 -1290.0
v 120.0 220.0 -1290.0
v 120.0 620.0 -1290.0
v 130.0 620.0 -1290.0
v 130.0 220.0 -1030.0
v 120.0 220.0 -1030.0
v 120.0 620.0 -1030.0
v 130.0 620.0 -1030.0
f 2241 2242 2246 2245
f 2242 2243 2247 2246
f 2243 2244 2248 2247
f 2244 2241 2245 2248
f 2244 2243 2242 2241
f 2245 2246 2247 2248
v 130.0 430.0 -1148.0
v 130.0 433.7 -1148.6
v 130.0 437.1 -1150.3
v 130.0 439.7 -1152.9
v 130.0 441.4 -1156.3
v 130.0 442.0 -1160.0
v 130.0 441.4 -1163.7
v 130.0 439.7 -1167.1
v 130.0 437.1 -1169.7
v 130.0 433.7 -1171.4
v 130.0 430.0 -1172.0
v 130.0 426.3 -1171.4
v 130.0 422.9 -1169.7
v 130.0 420.3 -1167.1
v 130.0 418.6 -1163.7
v 130.0 418.0 -1160.0
v 130.0 418.6 -1156.3
v 130.0 420.3 -1152.9
v 130.0 422.9 -1150.3
v 130.0 426.3 -1148.6
v 280.0 430.0 -1148.0
v 280.0 433.7 -1148.6
v 280.0 437.1 -1150.3
v 280.0 439.7 -1152.9
v 280.0 441.4 -1156.3
v 280.0 442.0 -1160.0
v 280.0 441.4 -1163.7
v 280.0 439.7 -1167.1
v 280.0 437.1 -1169.7
v 280.0 433.7 -1171.4
v 280.0 430.0 -1172.0
v 280.0 426.3 -1171.4
v 280.0 422.9 -1169.7
v 280.0 420.3 -1167.1
v 280.0 418.6 -1163.7
v 280.0 418.0 -1160.0
v 280.0 418.6 -1156.3
v 280.0 420.3 -1152.9
v 280.0 422.9 -1150.3
v 280.0 426.3 -1148.6
f 2249 2250 2270 2269
f 2250 2251 2271 2270
f 2251 2252 2272 2271
f 2252 2253 2273 2272
f 2253 2254 2274 2273
f 2254 2255 2275 2274
f 2255 2256 2276 2275
f 2256 2257 2277 2276
f 2257 2258 2278 2277
f 2258 2259 2279 2278
f 2259 2260 2280 2279
f 2260 2261 2281 2280
f 2261 2262 2282 2281
f 2262 2263 2283 2282
f 2263 2264 2284 2283
f 2264 2265 2285 2284
f 2265 2266 2286 2285
f 2266 2267 2287 2286
f 2267 2268 2288 2287
f 2268 2249 2269 2288
f 2268 2267 2266 2265 2264 2263 2262 2261 2260 2259 2258 2257 2256 2255 2254 2253 2252 2251 2250 2249
f 2269 2270 2271 2272 2273 2274 2275 2276 2277 2278 2279 2280 2281 2282 2283 2284 2285 2286 2287 2288
v 175.0 390.0 -1200.0
v 145.0 390.0 -1200.0
v 145.0 470.0 -1200.0
v 175.0 470.0 -1200.0
v 175.0 390.0 -1120.0
v 145.0 390.0 -1120.0
v 145.0 470.0 -1120.0
v 175.0 470.0 -1120.0
f 2289 2290 2294 2293
f 2290 2291 2295 2294
f 2291 2292 2296 2295
f 2292 2289 2293 2296
f 2292 2291 2290 2289
f 2293 2294 2295 2296
v 245.0 390.0 -1200.0
v 215.0 390.0 -1200.0
v 215.0 470.0 -1200.0
v 245.0 470.0 -1200.0
v 245.0 390.0 -1120.0
v 215.0 390.0 -1120.0
v 215.0 470.0 -1120.0
v 245.0 470.0 -1120.0
f 2297 2298 2302 2301
f 2298 2299 2303 2302
f 2299 2300 2304 2303
f 2300 2297 2301 2304
f 2300 2299 2298 2297
f 2301 2302 2303 2304
v 251.0 430.0 -1098.0
v 251.0 449.2 -1101.0
v 251.0 466.4 -1109.8
v 251.0 480.2 -1123.6
v 251.0 489.0 -1140.8
v 251.0 492.0 -1160.0
v 251.0 489.0 -1179.2
v 251.0 480.2 -1196.4
v 251.0 466.4 -1210.2
v 251.0 449.2 -1219.0
v 251.0 430.0 -1222.0
v 251.0 410.8 -1219.0
v 251.0 393.6 -1210.2
v 251.0 379.8 -1196.4
v 251.0 371.0 -1179.2
v 251.0 368.0 -1160.0
v 251.0 371.0 -1140.8
v 251.0 379.8 -1123.6
v 251.0 393.6 -1109.8
v 251.0 410.8 -1101.0
v 259.0 430.0 -1098.0
v 259.0 449.2 -1101.0
v 259.0 466.4 -1109.8
v 259.0 480.2 -1123.6
v 259.0 489.0 -1140.8
v 259.0 492.0 -1160.0
v 259.0 489.0 -1179.2
v 259.0 480.2 -1196.4
v 259.0 466.4 -1210.2
v 259.0 449.2 -1219.0
v 259.0 430.0 -1222.0
v 259.0 410.8 -1219.0
v 259.0 393.6 -1210.2
v 259.0 379.8 -1196.4
v 259.0 371.0 -1179.2
v 259.0 368.0 -1160.0
v 259.0 371.0 -1140.8
v 259.0 379.8 -1123.6
v 259.0 393.6 -1109.8
v 259.0 410.8 -1101.0
f 2305 2306 2326 2325
f 2306 2307 2327 2326
f 2307 2308 2328 2327
f 2308 2309 2329 2328
f 2309 2310 2330 2329
f 2310 2311 2331 2330
f 2311 2312 2332 2331
f 2312 2313 2333 2332
f 2313 2314 2334 2333
f 2314 2315 2335 2334
f 2315 2316 2336 2335
f 2316 2317 2337 2336
f 2317 2318 2338 2337
f 2318 2319 2339 2338
f 2319 2320 2340 2339
f 2320 2321 2341 2340
f 2321 2322 2342 2341
f 2322 2323 2343 2342
f 2323 2324 2344 2343
f 2324 2305 2325 2344
f 2324 2323 2322 2321 2320 2319 2318 2317 2316 2315 2314 2313 2312 2311 2310 2309 2308 2307 2306 2305
f 2325 2326 2327 2328 2329 2330 2331 2332 2333 2334 2335 2336 2337 2338 2339 2340 2341 2342 2343 2344
v 267.0 430.0 -1060.0
v 267.0 449.5 -1061.9
v 267.0 468.3 -1067.6
v 267.0 485.6 -1076.9
v 267.0 500.7 -1089.3
v 267.0 513.1 -1104.4
v 267.0 522.4 -1121.7
v 267.0 528.1 -1140.5
v 267.0 530.0 -1160.0
v 267.0 528.1 -1179.5
v 267.0 522.4 -1198.3
v 267.0 513.1 -1215.6
v 267.0 500.7 -1230.7
v 267.0 485.6 -1243.1
v 267.0 468.3 -1252.4
v 267.0 449.5 -1258.1
v 267.0 430.0 -1260.0
v 267.0 410.5 -1258.1
v 267.0 391.7 -1252.4
v 267.0 374.4 -1243.1
v 267.0 359.3 -1230.7
v 267.0 346.9 -1215.6
v 267.0 337.6 -1198.3
v 267.0 331.9 -1179.5
v 267.0 330.0 -1160.0
v 267.0 331.9 -1140.5
v 267.0 337.6 -1121.7
v 267.0 346.9 -1104.4
v 267.0 359.3 -1089.3
v 267.0 374.4 -1076.9
v 267.0 391.7 -1067.6
v 267.0 410.5 -1061.9
v 273.0 430.0 -1060.0
v 273.0 449.5 -1061.9
v 273.0 468.3 -1067.6
v 273.0 485.6 -1076.9
v 273.0 500.7 -1089.3
v 273.0 513.1 -1104.4
v 273.0 522.4 -1121.7
v 273.0 528.1 -1140.5
v 273.0 530.0 -1160.0
v 273.0 528.1 -1179.5
v 273.0 522.4 -1198.3
v 273.0 513.1 -1215.6
v 273.0 500.7 -1230.7
v 273.0 485.6 -1243.1
v 273.0 468.3 -1252.4
v 273.0 449.5 -1258.1
v 273.0 430.0 -1260.0
v 273.0 410.5 -1258.1
v 273.0 391.7 -1252.4
v 273.0 374.4 -1243.1
v 273.0 359.3 -1230.7
v 273.0 346.9 -1215.6
v 273.0 337.6 -1198.3
v 273.0 331.9 -1179.5
v 273.0 330.0 -1160.0
v 273.0 331.9 -1140.5
v 273.0 337.6 -1121.7
v 273.0 346.9 -1104.4
v 273.0 359.3 -1089.3
v 273.0 374.4 -1076.9
v 273.0 391.7 -1067.6
v 273.0 410.5 -1061.9
f 2345 2346 2378 2377
f 2346 2347 2379 2378
f 2347 2348 2380 2379
f 2348 2349 2381 2380
f 2349 2350 2382 2381
f 2350 2351 2383 2382
f 2351 2352 2384 2383
f 2352 2353 2385 2384
f 2353 2354 2386 2385
f 2354 2355 2387 2386
f 2355 2356 2388 2387
f 2356 2357 2389 2388
f 2357 2358 2390 2389
f 2358 2359 2391 2390
f 2359 2360 2392 2391
f 2360 2361 2393 2392
f 2361 2362 2394 2393
f 2362 2363 2395 2394
f 2363 2364 2396 2395
f 2364 2365 2397 2396
f 2365 2366 2398 2397
f 2366 2367 2399 2398
f 2367 2368 2400 2399
f 2368 2369 2401 2400
f 2369 2370 2402 2401
f 2370 2371 2403 2402
f 2371 2372 2404 2403
f 2372 2373 2405 2404
f 2373 2374 2406 2405
f 2374 2375 2407 2406
f 2375 2376 2408 2407
f 2376 2345 2377 2408
f 2376 2375 2374 2373 2372 2371 2370 2369 2368 2367 2366 2365 2364 2363 2362 2361 2360 2359 2358 2357 2356 2355 2354 2353 2352 2351 2350 2349 2348 2347 2346 2345
f 2377 2378 2379 2380 2381 2382 2383 2384 2385 2386 2387 2388 2389 2390 2391 2392 2393 2394 2395 2396 2397 2398 2399 2400 2401 2402 2403 2404 2405 2406 2407 2408
v 120.0 723.7 -1057.0
v 120.0 746.6 -1059.6
v 120.0 768.4 -1067.2
v 120.0 787.9 -1079.5
v 120.0 804.2 -1095.8
v 120.0 816.5 -1115.3
v 120.0 824.1 -1137.1
v 120.0 826.7 -1160.0
v 120.0 824.1 -1182.9
v 120.0 816.5 -1204.7
v 120.0 804.2 -1224.2
v 120.0 787.9 -1240.5
v 120.0 768.4 -1252.8
v 120.0 746.6 -1260.4
v 120.0 723.7 -1263.0
v 120.0 700.8 -1260.4
v 120.0 679.0 -1252.8
v 120.0 659.5 -1240.5
v 120.0 643.2 -1224.2
v 120.0 630.9 -1204.7
v 120.0 623.3 -1182.9
v 120.0 620.7 -1160.0
v 120.0 623.3 -1137.1
v 120.0 630.9 -1115.3
v 120.0 643.2 -1095.8
v 120.0 659.5 -1079.5
v 120.0 679.0 -1067.2
v 120.0 700.8 -1059.6
v 260.0 723.7 -1057.0
v 260.0 746.6 -1059.6
v 260.0 768.4 -1067.2
v 260.0 787.9 -1079.5
v 260.0 804.2 -1095.8
v 260.0 816.5 -1115.3
v 260.0 824.1 -1137.1
v 260.0 826.7 -1160.0
v 260.0 824.1 -1182.9
v 260.0 816.5 -1204.7
v 260.0 804.2 -1224.2
v 260.0 787.9 -1240.5
v 260.0 768.4 -1252.8
v 260.0 746.6 -1260.4
v 260.0 723.7 -1263.0
v 260.0 700.8 -1260.4
v 260.0 679.0 -1252.8
v 260.0 659.5 -1240.5
v 260.0 643.2 -1224.2
v 260.0 630.9 -1204.7
v 260.0 623.3 -1182.9
v 260.0 620.7 -1160.0
v 260.0 623.3 -1137.1
v 260.0 630.9 -1115.3
v 260.0 643.2 -1095.8
v 260.0 659.5 -1079.5
v 260.0 679.0 -1067.2
v 260.0 700.8 -1059.6
f 2409 2410 2438 2437
f 2410 2411 2439 2438
f 2411 2412 2440 2439
f 2412 2413 2441 2440
f 2413 2414 2442 2441
f 2414 2415 2443 2442
f 2415 2416 2444 2443
f 2416 2417 2445 2444
f 2417 2418 2446 2445
f 2418 2419 2447 2446
f 2419 2420 2448 2447
f 2420 2421 2449 2448
f 2421 2422 2450 2449
f 2422 2423 2451 2450
f 2423 2424 2452 2451
f 2424 2425 2453 2452
f 2425 2426 2454 2453
f 2426 2427 2455 2454
f 2427 2428 2456 2455
f 2428 2429 2457 2456
f 2429 2430 2458 2457
f 2430 2431 2459 2458
f 2431 2432 2460 2459
f 2432 2433 2461 2460
f 2433 2434 2462 2461
f 2434 2435 2463 2462
f 2435 2436 2464 2463
f 2436 2409 2437 2464
f 2436 2435 2434 2433 2432 2431 2430 2429 2428 2427 2426 2425 2424 2423 2422 2421 2420 2419 2418 2417 2416 2415 2414 2413 2412 2411 2410 2409
f 2437 2438 2439 2440 2441 2442 2443 2444 2445 2446 2447 2448 2449 2450 2451 2452 2453 2454 2455 2456 2457 2458 2459 2460 2461 2462 2463 2464
v 251.0 723.7 -1098.0
v 251.0 742.8 -1101.0
v 251.0 760.1 -1109.8
v 251.0 773.8 -1123.6
v 251.0 782.7 -1140.8
v 251.0 785.7 -1160.0
v 251.0 782.7 -1179.2
v 251.0 773.8 -1196.4
v 251.0 760.1 -1210.2
v 251.0 742.8 -1219.0
v 251.0 723.7 -1222.0
v 251.0 704.5 -1219.0
v 251.0 687.2 -1210.2
v 251.0 673.5 -1196.4
v 251.0 664.7 -1179.2
v 251.0 661.7 -1160.0
v 251.0 664.7 -1140.8
v 251.0 673.5 -1123.6
v 251.0 687.2 -1109.8
v 251.0 704.5 -1101.0
v 259.0 723.7 -1098.0
v 259.0 742.8 -1101.0
v 259.0 760.1 -1109.8
v 259.0 773.8 -1123.6
v 259.0 782.7 -1140.8
v 259.0 785.7 -1160.0
v 259.0 782.7 -1179.2
v 259.0 773.8 -1196.4
v 259.0 760.1 -1210.2
v 259.0 742.8 -1219.0
v 259.0 723.7 -1222.0
v 259.0 704.5 -1219.0
v 259.0 687.2 -1210.2
v 259.0 673.5 -1196.4
v 259.0 664.7 -1179.2
v 259.0 661.7 -1160.0
v 259.0 664.7 -1140.8
v 259.0 673.5 -1123.6
v 259.0 687.2 -1109.8
v 259.0 704.5 -1101.0
f 2465 2466 2486 2485
f 2466 2467 2487 2486
f 2467 2468 2488 2487
f 2468 2469 2489 2488
f 2469 2470 2490 2489
f 2470 2471 2491 2490
f 2471 2472 2492 2491
f 2472 2473 2493 2492
f 2473 2474 2494 2493
f 2474 2475 2495 2494
f 2475 2476 2496 2495
f 2476 2477 2497 2496
f 2477 2478 2498 2497
f 2478 2479 2499 2498
f 2479 2480 2500 2499
f 2480 2481 2501 2500
f 2481 2482 2502 2501
f 2482 2483 2503 2502
f 2483 2484 2504 2503
f 2484 2465 2485 2504
f 2484 2483 2482 2481 2480 2479 2478 2477 2476 2475 2474 2473 2472 2471 2470 2469 2468 2467 2466 2465
f 2485 2486 2487 2488 2489 2490 2491 2492 2493 2494 2495 2496 2497 2498 2499 2500 2501 2502 2503 2504
v 251.0 430.0 -1218.0
v 251.0 430.0 -1226.0
v 259.0 430.0 -1226.0
v 259.0 430.0 -1218.0
v 251.0 723.7 -1218.0
v 251.0 723.7 -1226.0
v 259.0 723.7 -1226.0
v 259.0 723.7 -1218.0
f 2505 2506 2510 2509
f 2506 2507 2511 2510
f 2507 2508 2512 2511
f 2508 2505 2509 2512
f 2508 2507 2506 2505
f 2509 2510 2511 2512
v 251.0 430.0 -1094.0
v 251.0 430.0 -1102.0
v 259.0 430.0 -1102.0
v 259.0 430.0 -1094.0
v 251.0 723.7 -1094.0
v 251.0 723.7 -1102.0
v 259.0 723.7 -1102.0
v 259.0 723.7 -1094.0
f 2513 2514 2518 2517
f 2514 2515 2519 2518
f 2515 2516 2520 2519
f 2516 2513 2517 2520
f 2516 2515 2514 2513
f 2517 2518 2519 2520
v -130.0 267.0 -1012.0
v -130.0 267.0 -1038.0
v -130.0 293.0 -1038.0
v -130.0 293.0 -1012.0
v -575.0 267.0 -1012.0
v -575.0 267.0 -1038.0
v -575.0 293.0 -1038.0
v -575.0 293.0 -1012.0
f 2521 2522 2526 2525
f 2522 2523 2527 2526
f 2523 2524 2528 2527
f 2524 2521 2525 2528
f 2524 2523 2522 2521
f 2525 2526 2527 2528
v -170.0 280.0 -980.0
v -170.0 293.9 -982.2
v -170.0 306.5 -988.6
v -170.0 316.4 -998.5
v -170.0 322.8 -1011.1
v -170.0 325.0 -1025.0
v -170.0 322.8 -1038.9
v -170.0 316.4 -1051.5
v -170.0 306.5 -1061.4
v -170.0 293.9 -1067.8
v -170.0 280.0 -1070.0
v -170.0 266.1 -1067.8
v -170.0 253.5 -1061.4
v -170.0 243.6 -1051.5
v -170.0 237.2 -1038.9
v -170.0 235.0 -1025.0
v -170.0 237.2 -1011.1
v -170.0 243.6 -998.5
v -170.0 253.5 -988.6
v -170.0 266.1 -982.2
v -90.0 280.0 -980.0
v -90.0 293.9 -982.2
v -90.0 306.5 -988.6
v -90.0 316.4 -998.5
v -90.0 322.8 -1011.1
v -90.0 325.0 -1025.0
v -90.0 322.8 -1038.9
v -90.0 316.4 -1051.5
v -90.0 306.5 -1061.4
v -90.0 293.9 -1067.8
v -90.0 280.0 -1070.0
v -90.0 266.1 -1067.8
v -90.0 253.5 -1061.4
v -90.0 243.6 -1051.5
v -90.0 237.2 -1038.9
v -90.0 235.0 -1025.0
v -90.0 237.2 -1011.1
v -90.0 243.6 -998.5
v -90.0 253.5 -988.6
v -90.0 266.1 -982.2
f 2529 2530 2550 2549
f 2530 2531 2551 2550
f 2531 2532 2552 2551
f 2532 2533 2553 2552
f 2533 2534 2554 2553
f 2534 2535 2555 2554
f 2535 2536 2556 2555
f 2536 2537 2557 2556
f 2537 2538 2558 2557
f 2538 2539 2559 2558
f 2539 2540 2560 2559
f 2540 2541 2561 2560
f 2541 2542 2562 2561
f 2542 2543 2563 2562
f 2543 2544 2564 2563
f 2544 2545 2565 2564
f 2545 2546 2566 2565
f 2546 2547 2567 2566
f 2547 2548 2568 2567
f 2548 2529 2549 2568
f 2548 2547 2546 2545 2544 2543 2542 2541 2540 2539 2538 2537 2536 2535 2534 2533 2532 2531 2530 2529
f 2549 2550 2551 2552 2553 2554 2555 2556 2557 2558 2559 2560 2561 2562 2563 2564 2565 2566 2567 2568
v -580.0 280.0 -983.0
v -580.0 293.0 -985.1
v -580.0 304.7 -991.0
v -580.0 314.0 -1000.3
v -580.0 319.9 -1012.0
v -580.0 322.0 -1025.0
v -580.0 319.9 -1038.0
v -580.0 314.0 -1049.7
v -580.0 304.7 -1059.0
v -580.0 293.0 -1064.9
v -580.0 280.0 -1067.0
v -580.0 267.0 -1064.9
v -580.0 255.3 -1059.0
v -580.0 246.0 -1049.7
v -580.0 240.1 -1038.0
v -580.0 238.0 -1025.0
v -580.0 240.1 -1012.0
v -580.0 246.0 -1000.3
v -580.0 255.3 -991.0
v -580.0 267.0 -985.1
v -510.0 280.0 -983.0
v -510.0 293.0 -985.1
v -510.0 304.7 -991.0
v -510.0 314.0 -1000.3
v -510.0 319.9 -1012.0
v -510.0 322.0 -1025.0
v -510.0 319.9 -1038.0
v -510.0 314.0 -1049.7
v -510.0 304.7 -1059.0
v -510.0 293.0 -1064.9
v -510.0 280.0 -1067.0
v -510.0 267.0 -1064.9
v -510.0 255.3 -1059.0
v -510.0 246.0 -1049.7
v -510.0 240.1 -1038.0
v -510.0 238.0 -1025.0
v -510.0 240.1 -1012.0
v -510.0 246.0 -1000.3
v -510.0 255.3 -991.0
v -510.0 267.0 -985.1
f 2569 2570 2590 2589
f 2570 2571 2591 2590
f 2571 2572 2592 2591
f 2572 2573 2593 2592
f 2573 2574 2594 2593
f 2574 2575 2595 2594
f 2575 2576 2596 2595
f 2576 2577 2597 2596
f 2577 2578 2598 2597
f 2578 2579 2599 2598
f 2579 2580 2600 2599
f 2580 2581 2601 2600
f 2581 2582 2602 2601
f 2582 2583 2603 2602
f 2583 2584 2604 2603
f 2584 2585 2605 2604
f 2585 2586 2606 2605
f 2586 2587 2607 2606
f 2587 2588 2608 2607
f 2588 2569 2589 2608
f 2588 2587 2586 2585 2584 2583 2582 2581 2580 2579 2578 2577 2576 2575 2574 2573 2572 2571 2570 2569
f 2589 2590 2591 2592 2593 2594 2595 2596 2597 2598 2599 2600 2601 2602 2603 2604 2605 2606 2607 2608
v 130.0 267.0 -1038.0
v 130.0 267.0 -1012.0
v 130.0 293.0 -1012.0
v 130.0 293.0 -1038.0
v 575.0 267.0 -1038.0
v 575.0 267.0 -1012.0
v 575.0 293.0 -1012.0
v 575.0 293.0 -1038.0
f 2609 2610 2614 2613
f 2610 2611 2615 2614
f 2611 2612 2616 2615
f 2612 2609 2613 2616
f 2612 2611 2610 2609
f 2613 2614 2615 2616
v 90.0 280.0 -980.0
v 90.0 293.9 -982.2
v 90.0 306.5 -988.6
v 90.0 316.4 -998.5
v 90.0 322.8 -1011.1
v 90.0 325.0 -1025.0
v 90.0 322.8 -1038.9
v 90.0 316.4 -1051.5
v 90.0 306.5 -1061.4
v 90.0 293.9 -1067.8
v 90.0 280.0 -1070.0
v 90.0 266.1 -1067.8
v 90.0 253.5 -1061.4
v 90.0 243.6 -1051.5
v 90.0 237.2 -1038.9
v 90.0 235.0 -1025.0
v 90.0 237.2 -1011.1
v 90.0 243.6 -998.5
v 90.0 253.5 -988.6
v 90.0 266.1 -982.2
v 170.0 280.0 -980.0
v 170.0 293.9 -982.2
v 170.0 306.5 -988.6
v 170.0 316.4 -998.5
v 170.0 322.8 -1011.1
v 170.0 325.0 -1025.0
v 170.0 322.8 -1038.9
v 170.0 316.4 -1051.5
v 170.0 306.5 -1061.4
v 170.0 293.9 -1067.8
v 170.0 280.0 -1070.0
v 170.0 266.1 -1067.8
v 170.0 253.5 -1061.4
v 170.0 243.6 -1051.5
v 170.0 237.2 -1038.9
v 170.0 235.0 -1025.0
v 170.0 237.2 -1011.1
v 170.0 243.6 -998.5
v 170.0 253.5 -988.6
v 170.0 266.1 -982.2
f 2617 2618 2638 2637
f 2618 2619 2639 2638
f 2619 2620 2640 2639
f 2620 2621 2641 2640
f 2621 2622 2642 2641
f 2622 2623 2643 2642
f 2623 2624 2644 2643
f 2624 2625 2645 2644
f 2625 2626 2646 2645
f 2626 2627 2647 2646
f 2627 2628 2648 2647
f 2628 2629 2649 2648
f 2629 2630 2650 2649
f 2630 2631 2651 2650
f 2631 2632 2652 2651
f 2632 2633 2653 2652
f 2633 2634 2654 2653
f 2634 2635 2655 2654
f 2635 2636 2656 2655
f 2636 2617 2637 2656
f 2636 2635 2634 2633 2632 2631 2630 2629 2628 2627 2626 2625 2624 2623 2622 2621 2620 2619 2618 2617
f 2637 2638 2639 2640 2641 2642 2643 2644 2645 2646 2647 2648 2649 2650 2651 2652 2653 2654 2655 2656
v 510.0 280.0 -983.0
v 510.0 293.0 -985.1
v 510.0 304.7 -991.0
v 510.0 314.0 -1000.3
v 510.0 319.9 -1012.0
v 510.0 322.0 -1025.0
v 510.0 319.9 -1038.0
v 510.0 314.0 -1049.7
v 510.0 304.7 -1059.0
v 510.0 293.0 -1064.9
v 510.0 280.0 -1067.0
v 510.0 267.0 -1064.9
v 510.0 255.3 -1059.0
v 510.0 246.0 -1049.7
v 510.0 240.1 -1038.0
v 510.0 238.0 -1025.0
v 510.0 240.1 -1012.0
v 510.0 246.0 -1000.3
v 510.0 255.3 -991.0
v 510.0 267.0 -985.1
v 580.0 280.0 -983.0
v 580.0 293.0 -985.1
v 580.0 304.7 -991.0
v 580.0 314.0 -1000.3
v 580.0 319.9 -1012.0
v 580.0 322.0 -1025.0
v 580.0 319.9 -1038.0
v 580.0 314.0 -1049.7
v 580.0 304.7 -1059.0
v 580.0 293.0 -1064.9
v 580.0 280.0 -1067.0
v 580.0 267.0 -1064.9
v 580.0 255.3 -1059.0
v 580.0 246.0 -1049.7
v 580.0 240.1 -1038.0
v 580.0 238.0 -1025.0
v 580.0 240.1 -1012.0
v 580.0 246.0 -1000.3
v 580.0 255.3 -991.0
v 580.0 267.0 -985.1
f 2657 2658 2678 2677
f 2658 2659 2679 2678
f 2659 2660 2680 2679
f 2660 2661 2681 2680
f 2661 2662 2682 2681
f 2662 2663 2683 2682
f 2663 2664 2684 2683
f 2664 2665 2685 2684
f 2665 2666 2686 2685
f 2666 2667 2687 2686
f 2667 2668 2688 2687
f 2668 2669 2689 2688
f 2669 2670 2690 2689
f 2670 2671 2691 2690
f 2671 2672 2692 2691
f 2672 2673 2693 2692
f 2673 2674 2694 2693
f 2674 2675 2695 2694
f 2675 2676 2696 2695
f 2676 2657 2677 2696
f 2676 2675 2674 2673 2672 2671 2670 2669 2668 2667 2666 2665 2664 2663 2662 2661 2660 2659 2658 2657
f 2677 2678 2679 2680 2681 2682 2683 2684 2685 2686 2687 2688 2689 2690 2691 2692 2693 2694 2695 2696
v 100.0 935.0 -690.0
v -100.0 935.0 -690.0
v -100.0 1025.0 -690.0
v 100.0 1025.0 -690.0
v 100.0 935.0 -410.0
v -100.0 935.0 -410.0
v -100.0 1025.0 -410.0
v 100.0 1025.0 -410.0
f 2697 2698 2702 2701
f 2698 2699 2703 2702
f 2699 2700 2704 2703
f 2700 2697 2701 2704
f 2700 2699 2698 2697
f 2701 2702 2703 2704
o plow
v 30.0 225.0 1400.0
v -30.0 225.0 1400.0
v -30.0 285.0 1400.0
v 30.0 285.0 1400.0
v 30.0 225.0 1650.0
v -30.0 225.0 1650.0
v -30.0 285.0 1650.0
v 30.0 285.0 1650.0
f 2705 2706 2710 2709
f 2706 2707 2711 2710
f 2707 2708 2712 2711
f 2708 2705 2709 2712
f 2708 2707 2706 2705
f 2709 2710 2711 2712
v -365.7 175.2 1980.4
v -330.4 175.2 2015.7
v -334.3 224.8 2019.6
v -369.6 224.8 1984.3
v -15.7 230.2 1630.4
v 19.6 230.2 1665.7
v 15.7 279.8 1669.6
v -19.6 279.8 1634.3
f 2713 2714 2718 2717
f 2714 2715 2719 2718
f 2715 2716 2720 2719
f 2716 2713 2717 2720
f 2716 2715 2714 2713
f 2717 2718 2719 2720
v 330.4 175.2 2015.7
v 365.7 175.2 1980.4
v 369.6 224.8 1984.3
v 334.3 224.8 2019.6
v -19.6 230.2 1665.7
v 15.7 230.2 1630.4
v 19.6 279.8 1634.3
v -15.7 279.8 1669.6
f 2721 2722 2726 2725
f 2722 2723 2727 2726
f 2723 2724 2728 2727
f 2724 2721 2725 2728
f 2724 2723 2722 2721
f 2725 2726 2727 2728
v -700.0 24.8 2173.6
v 700.0 24.8 2173.6
v 700.0 28.9 2176.4
v -700.0 28.9 2176.4
v -700.0 59.8 2123.6
v 700.0 59.8 2123.6
v 700.0 63.9 2126.5
v -700.0 63.9 2126.5
f 2729 2730 2734 2733
f 2730 2731 2735 2734
f 2731 2732 2736 2735
f 2732 2729 2733 2736
f 2732 2731 2730 2729
f 2733 2734 2735 2736
v -700.0 60.1 2123.3
v 700.0 60.1 2123.3
v 700.0 63.7 2126.8
v -700.0 63.7 2126.8
v -700.0 103.3 2080.1
v 700.0 103.3 2080.1
v 700.0 106.8 2083.7
v -700.0 106.8 2083.7
f 2737 2738 2742 2741
f 2738 2739 2743 2742
f 2739 2740 2744 2743
f 2740 2737 2741 2744
f 2740 2739 2738 2737
f 2741 2742 2743 2744
v -700.0 103.6 2079.8
v 700.0 103.6 2079.8
v 700.0 106.5 2083.9
v -700.0 106.5 2083.9
v -700.0 153.6 2044.8
v 700.0 153.6 2044.8
v 700.0 156.4 2048.9
v -700.0 156.4 2048.9
f 2745 2746 2750 2749
f 2746 2747 2751 2750
f 2747 2748 2752 2751
f 2748 2745 2749 2752
f 2748 2747 2746 2745
f 2749 2750 2751 2752
v -700.0 153.9 2044.6
v 700.0 153.9 2044.6
v 700.0 156.1 2049.2
v -700.0 156.1 2049.2
v -700.0 209.2 2018.8
v 700.0 209.2 2018.8
v 700.0 211.3 2023.4
v -700.0 211.3 2023.4
f 2753 2754 2758 2757
f 2754 2755 2759 2758
f 2755 2756 2760 2759
f 2756 2753 2757 2760
f 2756 2755 2754 2753
f 2757 2758 2759 2760
v -2.5 391.5 2697.3
v -2.5 29.1 1345.0
v 2.5 29.1 1345.0
v 2.5 391.5 2697.3
v -2.5 450.4 2681.5
v -2.5 88.0 1329.2
v 2.5 88.0 1329.2
v 2.5 450.4 2681.5
f 2761 2762 2766 2765
f 2762 2763 2767 2766
f 2763 2764 2768 2767
f 2764 2761 2765 2768
f 2764 2763 2762 2761
f 2765 2766 2767 2768
v -2.5 330.2 2702.7
v -2.5 208.2 1308.0
v 2.5 208.2 1308.0
v 2.5 330.2 2702.7
v -2.5 391.0 2697.3
v -2.5 269.0 1302.7
v 2.5 269.0 1302.7
v 2.5 391.0 2697.3
f 2769 2770 2774 2773
f 2770 2771 2775 2774
f 2771 2772 2776 2775
f 2772 2769 2773 2776
f 2772 2771 2770 2769
f 2773 2774 2775 2776
v -2.5 269.0 2697.3
v -2.5 391.0 1302.7
v 2.5 391.0 1302.7
v 2.5 269.0 2697.3
v -2.5 329.8 2702.7
v -2.5 451.8 1308.0
v 2.5 451.8 1308.0
v 2.5 329.8 2702.7
f 2777 2778 2782 2781
f 2778 2779 2783 2782
f 2779 2780 2784 2783
f 2780 2777 2781 2784
f 2780 2779 2778 2777
f 2781 2782 2783 2784
v -2.5 209.6 2681.5
v -2.5 572.0 1329.2
v 2.5 572.0 1329.2
v 2.5 209.6 2681.5
v -2.5 268.5 2697.3
v -2.5 630.9 1345.0
v 2.5 630.9 1345.0
v 2.5 268.5 2697.3
f 2785 2786 2790 2789
f 2786 2787 2791 2790
f 2787 2788 2792 2791
f 2788 2785 2789 2792
f 2788 2787 2786 2785
f 2789 2790 2791 2792
v -700.0 10.0 2165.0
v -700.0 10.0 2185.0
v -700.0 30.0 2185.0
v -700.0 30.0 2165.0
v 700.0 10.0 2165.0
v 700.0 10.0 2185.0
v 700.0 30.0 2185.0
v 700.0 30.0 2165.0
f 2793 2794 2798 2797
f 2794 2795 2799 2798
f 2795 2796 2800 2799
f 2796 2793 2797 2800
f 2796 2795 2794 2793
f 2797 2798 2799 2800
v -70.0 315.0 1415.0
v -70.0 332.0 1412.3
v -70.0 347.3 1404.5
v -70.0 359.5 1392.3
v -70.0 367.3 1377.0
v -70.0 370.0 1360.0
v -70.0 367.3 1343.0
v -70.0 359.5 1327.7
v -70.0 347.3 1315.5
v -70.0 332.0 1307.7
v -70.0 315.0 1305.0
v -70.0 298.0 1307.7
v -70.0 282.7 1315.5
v -70.0 270.5 1327.7
v -70.0 262.7 1343.0
v -70.0 260.0 1360.0
v -70.0 262.7 1377.0
v -70.0 270.5 1392.3
v -70.0 282.7 1404.5
v -70.0 298.0 1412.3
v 70.0 315.0 1415.0
v 70.0 332.0 1412.3
v 70.0 347.3 1404.5
v 70.0 359.5 1392.3
v 70.0 367.3 1377.0
v 70.0 370.0 1360.0
v 70.0 367.3 1343.0
v 70.0 359.5 1327.7
v 70.0 347.3 1315.5
v 70.0 332.0 1307.7
v 70.0 315.0 1305.0
v 70.0 298.0 1307.7
v 70.0 282.7 1315.5
v 70.0 270.5 1327.7
v 70.0 262.7 1343.0
v 70.0 260.0 1360.0
v 70.0 262.7 1377.0
v 70.0 270.5 1392.3
v 70.0 282.7 1404.5
v 70.0 298.0 1412.3
f 2801 2802 2822 2821
f 2802 2803 2823 2822
f 2803 2804 2824 2823
f 2804 2805 2825 2824
f 2805 2806 2826 2825
f 2806 2807 2827 2826
f 2807 2808 2828 2827
f 2808 2809 2829 2828
f 2809 2810 2830 2829
f 2810 2811 2831 2830
f 2811 2812 2832 2831
f 2812 2813 2833 2832
f 2813 2814 2834 2833
f 2814 2815 2835 2834
f 2815 2816 2836 2835
f 2816 2817 2837 2836
f 2817 2818 2838 2837
f 2818 2819 2839 2838
f 2819 2820 2840 2839
f 2820 2801 2821 2840
f 2820 2819 2818 2817 2816 2815 2814 2813 2812 2811 2810 2809 2808 2807 2806 2805 2804 2803 2802 2801
f 2821 2822 2823 2824 2825 2826 2827 2828 2829 2830 2831 2832 2833 2834 2835 2836 2837 2838 2839 2840
